pm_sepuluh,pm_duakomalima,sulfur_dioksida,karbon_monoksida,ozon,nitrogen_dioksida,cluster_kmeans_k4,cluster_minibatch_k9
49,52,46,6,9,51,2,4
46,65,46,8,9,38,2,6
37,55,47,7,11,28,2,6
43,62,50,7,15,14,2,6
40,52,48,8,12,10,1,6
40,62,48,12,12,18,2,6
33,44,47,14,12,24,1,6
58,46,48,22,12,33,2,6
37,47,7,26,17,17,1,3
63,96,11,26,27,52,3,8
67,97,14,28,28,62,3,8
62,78,13,25,24,52,3,8
48,63,12,30,24,51,3,8
67,102,13,34,26,58,3,8
58,83,15,28,29,39,3,8
48,68,12,22,36,34,3,8
50,65,13,19,44,31,3,8
40,62,15,20,34,24,1,8
55,76,14,26,37,34,3,8
40,54,10,18,31,26,1,3
24,45,9,15,30,24,1,3
33,53,10,20,31,29,1,3
27,47,9,17,34,23,1,3
27,46,9,19,27,25,1,3
32,52,13,17,25,20,1,3
46,69,12,21,35,32,3,8
44,60,11,24,33,37,3,8
41,60,14,21,25,38,3,8
57,77,20,22,24,33,3,8
40,52,13,18,24,25,1,3
53,71,13,22,23,40,3,8
52,70,14,25,17,41,3,8
50,71,13,25,22,49,3,8
52,69,11,23,31,51,3,8
41,58,13,19,26,35,3,8
53,73,19,22,20,34,3,8
51,74,13,25,28,34,3,8
50,65,13,17,28,28,3,8
53,70,16,18,27,33,3,8
78,111,58,15,35,44,2,2
80,109,58,12,30,48,2,4
71,93,56,13,30,32,2,2
56,69,58,15,27,58,2,4
75,112,56,30,21,63,3,4
59,83,55,18,18,38,2,4
52,71,55,13,24,19,2,2
55,82,56,14,29,21,2,2
43,67,55,11,22,18,2,6
65,95,56,23,26,27,2,2
34,55,54,6,14,18,2,6
34,57,55,18,10,52,2,4
32,55,54,7,14,19,2,6
28,52,54,11,11,34,2,6
36,58,54,9,10,41,2,6
48,72,54,11,14,24,2,6
39,59,54,12,15,34,2,6
35,58,54,11,15,33,2,6
54,79,54,20,12,60,2,4
50,68,54,13,11,43,2,4
54,74,55,18,11,64,2,4
57,81,54,14,11,39,2,4
43,63,54,14,15,37,2,6
46,63,54,13,16,23,2,6
40,60,54,9,14,28,2,6
48,63,54,14,9,63,2,4
50,68,54,16,11,68,2,4
55,13,54,11,14,27,1,6
57,16,54,9,14,24,1,6
83,113,27,27,13,8,0,0
40,57,56,10,23,16,2,6
27,46,54,5,28,25,2,6
36,59,55,14,22,33,2,6
31,53,54,7,27,8,1,6
33,55,55,11,21,26,2,6
36,57,55,7,21,17,2,6
49,67,54,6,32,10,2,2
52,70,55,13,23,27,2,6
51,64,55,8,20,21,2,6
62,87,56,10,18,27,2,2
42,53,55,6,22,6,1,6
52,70,55,11,18,26,2,6
54,71,55,8,23,18,2,2
48,70,55,11,22,26,2,6
57,76,55,9,27,23,2,2
51,65,55,8,23,22,2,6
59,76,55,10,17,47,2,4
52,73,55,13,24,43,2,4
55,68,55,5,28,9,2,2
52,72,55,6,25,12,2,2
55,83,51,20,17,43,2,4
56,81,51,16,25,31,2,2
59,80,51,16,31,20,2,2
35,56,51,17,16,52,2,4
61,96,52,30,10,78,3,4
62,92,52,19,16,65,3,4
52,69,52,11,19,31,2,6
47,69,52,12,25,32,2,6
54,84,52,11,22,43,2,4
56,82,51,24,17,38,2,4
20,50,54,11,12,47,2,6
51,68,58,16,18,53,2,4
56,77,61,11,31,43,2,4
44,54,56,11,19,27,2,6
27,39,57,11,14,52,2,6
35,54,57,10,16,28,2,6
37,51,57,8,16,22,2,6
52,67,58,12,14,32,2,6
64,89,52,9,13,30,2,2
53,93,52,4,12,28,2,2
52,57,52,6,12,27,2,6
30,71,112,20,8,77,2,4
22,54,46,15,24,44,2,6
49,68,46,12,38,36,2,1
52,77,45,14,34,44,2,4
49,52,46,10,27,32,2,6
50,62,48,13,25,31,2,6
49,66,49,10,34,41,2,4
51,58,47,10,24,36,2,6
30,26,45,8,18,21,1,6
34,53,46,8,25,25,2,6
39,49,45,6,20,20,1,6
55,72,47,10,21,30,2,6
41,47,48,10,25,24,2,6
45,54,51,8,16,30,2,6
45,58,47,11,14,27,2,6
19,31,46,15,12,20,1,6
26,28,44,15,17,17,1,6
36,50,46,6,15,14,1,6
24,26,44,3,17,11,1,3
20,38,44,5,15,12,1,6
31,37,45,8,14,14,1,6
43,56,48,11,14,22,2,6
39,59,48,9,17,26,2,6
21,18,45,15,17,22,1,6
35,53,45,13,17,30,2,6
30,71,44,8,17,28,2,6
39,67,46,31,14,28,2,1
25,49,47,19,24,30,2,6
67,103,34,18,26,25,0,7
53,74,35,9,27,25,2,0
43,56,35,7,25,20,1,3
42,62,57,10,22,20,2,6
38,55,56,14,16,45,2,6
46,68,58,9,29,26,2,6
59,87,59,14,34,29,2,2
44,55,57,11,19,23,2,6
29,50,58,6,14,32,2,6
35,51,59,8,12,44,2,6
47,58,57,15,12,44,2,4
21,32,56,8,12,21,1,6
25,32,54,7,13,18,1,6
31,48,54,8,13,18,2,6
21,30,53,6,13,11,1,6
29,38,53,6,12,14,1,6
29,41,53,7,13,17,1,6
40,58,55,9,14,38,2,6
55,69,59,7,14,43,2,4
24,23,53,5,16,17,1,6
39,55,54,15,14,47,2,4
37,51,53,12,13,48,2,6
25,44,53,8,19,26,2,6
74,110,10,20,24,10,0,0
56,80,12,11,27,13,0,0
54,66,13,7,18,14,1,3
53,72,13,10,20,15,1,0
61,62,10,14,17,19,1,0
51,70,11,10,31,16,1,0
62,84,10,15,23,19,0,0
55,76,10,22,21,20,3,0
61,84,12,14,17,14,0,0
70,102,12,11,26,13,0,0
63,81,11,16,17,19,3,0
37,49,10,11,10,8,1,3
45,62,10,10,15,13,1,3
50,64,11,9,16,10,1,3
58,78,10,12,15,15,1,0
49,62,11,6,11,9,1,3
42,56,10,7,8,9,1,3
53,67,13,13,6,12,1,0
30,36,24,7,6,8,1,3
28,46,24,8,7,8,1,3
50,64,24,8,7,6,1,3
31,50,24,4,7,3,1,3
36,58,24,5,9,6,1,3
46,61,24,6,7,6,1,3
46,62,25,7,12,8,1,3
58,77,27,7,16,14,1,0
38,47,24,5,11,10,1,3
43,59,24,16,10,14,1,3
51,63,24,14,11,13,1,0
71,82,24,23,13,12,0,0
40,57,25,7,17,15,1,3
58,99,40,18,55,12,0,5
40,68,40,9,65,11,0,5
32,54,39,7,63,10,1,5
38,59,46,10,55,12,0,5
30,52,37,15,48,15,1,1
32,64,39,12,61,14,0,5
53,86,40,23,62,25,0,5
37,55,38,12,43,25,1,1
54,81,21,18,35,3,0,0
43,73,18,11,70,7,0,5
37,60,12,57,51,6,0,5
28,20,11,6,43,4,1,3
25,52,21,8,38,6,1,3
30,50,19,8,58,6,1,3
51,81,24,11,55,11,0,5
23,49,24,5,43,6,1,3
34,57,39,7,47,8,1,3
37,56,25,8,39,8,1,3
16,29,19,6,46,6,1,3
17,28,33,7,23,6,1,3
26,51,37,10,18,5,1,3
14,23,31,9,19,2,1,3
17,40,31,9,17,3,1,3
23,44,32,10,17,3,1,3
36,60,38,12,19,4,1,3
27,54,37,10,26,9,1,3
25,28,30,8,35,12,1,3
46,66,31,18,34,16,0,0
30,53,29,14,35,14,1,3
40,63,29,15,37,16,1,0
22,49,33,9,40,17,1,3
65,89,14,54,13,25,3,8
52,73,14,38,17,25,3,8
47,57,14,31,9,25,3,8
54,73,14,34,13,25,3,8
39,58,15,46,14,25,3,8
45,67,15,34,22,3,0,0
54,70,15,70,14,24,3,8
51,72,15,68,20,15,3,8
55,67,15,46,13,22,3,8
47,67,34,11,20,42,3,4
58,80,35,15,17,43,3,7
50,66,44,7,11,55,2,4
57,78,43,17,5,54,3,4
47,60,44,7,6,57,2,4
50,65,46,8,5,25,2,6
56,76,49,13,6,23,2,6
81,112,27,26,10,11,0,0
70,97,27,20,15,8,0,0
49,70,27,30,13,11,0,0
86,116,28,34,11,9,0,0
61,92,28,28,14,12,0,0
60,83,28,19,19,7,0,0
55,76,28,20,19,9,0,0
53,77,28,20,19,11,0,0
73,96,28,33,14,10,0,0
45,62,28,17,15,8,1,0
31,51,28,13,12,5,1,3
44,61,28,23,9,7,1,0
37,60,28,15,13,6,1,3
31,54,28,18,10,6,1,3
43,64,28,16,11,6,1,0
51,76,28,17,19,8,0,0
52,67,28,21,14,10,1,0
44,64,28,21,12,9,1,0
69,95,29,22,9,7,0,0
58,76,28,18,10,6,0,0
64,83,29,26,9,7,0,0
63,84,29,23,11,6,0,0
53,74,28,21,14,8,0,0
58,79,28,13,12,8,0,0
56,71,29,12,13,6,1,0
62,80,29,18,10,3,0,0
60,80,29,24,14,3,0,0
60,81,29,13,18,5,0,0
70,91,29,16,18,6,0,0
64,104,22,30,76,28,0,5
72,120,23,35,69,32,0,5
58,95,24,24,74,27,0,5
51,77,24,28,62,24,0,5
74,125,22,31,69,27,0,5
55,83,24,22,55,15,0,5
52,77,24,20,71,12,0,5
45,73,25,18,77,13,0,5
41,68,27,15,60,10,0,5
57,85,24,25,62,17,0,5
35,58,24,17,62,15,0,5
25,51,22,14,74,8,1,5
35,61,24,23,62,16,0,5
28,55,22,15,79,8,0,5
30,54,23,20,62,14,0,5
23,53,25,17,60,11,1,5
41,71,23,18,77,14,0,5
44,69,23,21,67,18,0,5
34,61,25,18,57,19,0,5
57,90,27,25,59,19,0,5
68,60,23,20,67,15,0,5
56,85,24,26,56,22,0,5
56,75,16,21,29,44,3,8
53,79,12,23,32,41,3,8
50,62,55,10,20,42,2,4
35,41,54,6,20,31,2,6
39,55,54,8,22,32,2,6
30,54,54,9,20,31,2,6
31,51,54,5,19,19,2,6
31,46,55,6,19,25,2,6
24,44,54,4,20,12,1,6
33,45,55,6,13,24,2,6
63,86,55,30,14,85,3,4
46,61,54,10,19,37,2,6
33,55,54,3,23,14,2,6
41,58,54,5,22,22,2,6
37,50,54,4,23,21,2,6
36,44,54,10,15,36,2,6
26,32,54,6,18,18,1,6
45,62,14,30,23,37,3,8
43,64,17,22,15,37,3,8
33,51,17,20,22,27,1,3
34,54,14,19,20,25,1,3
24,43,13,19,20,22,1,3
25,38,15,17,17,21,1,3
23,35,14,17,20,21,1,3
19,34,13,15,22,15,1,3
29,30,17,17,19,21,1,3
53,72,17,27,20,35,3,8
35,47,12,17,14,21,1,3
31,50,11,13,21,19,1,3
42,60,14,15,19,25,1,3
36,52,12,17,17,29,1,3
32,44,15,16,22,22,1,3
23,27,13,13,23,20,1,3
24,37,14,12,21,16,1,3
22,35,16,11,20,17,1,3
29,47,14,13,18,18,1,3
27,47,13,17,10,16,1,3
28,51,18,16,11,18,1,3
24,28,10,17,17,26,1,3
63,100,15,31,30,47,3,8
52,71,13,15,38,30,3,8
44,64,13,16,25,39,3,8
52,73,13,21,25,37,3,8
57,77,13,22,17,43,3,8
62,92,19,22,33,45,3,8
62,90,16,19,35,50,3,8
45,16,51,14,15,48,2,6
49,12,27,34,17,13,1,3
55,69,25,28,8,6,1,0
59,72,26,21,8,7,1,0
46,58,26,21,6,7,1,3
49,61,26,25,8,5,1,0
39,56,26,22,6,4,1,3
27,34,55,6,15,17,1,6
26,33,55,5,16,17,1,6
32,46,55,5,17,21,2,6
26,52,54,6,15,19,2,6
31,55,55,5,17,19,2,6
26,34,54,4,19,26,2,6
70,111,55,22,28,82,3,4
55,69,55,5,32,19,2,2
53,66,56,5,33,16,2,2
63,83,58,8,25,42,2,4
57,68,56,4,24,19,2,6
65,90,55,8,40,30,2,2
69,91,56,11,39,31,2,2
65,83,59,11,31,33,2,2
60,82,55,11,33,34,2,2
46,66,50,14,15,28,2,6
48,64,50,11,9,20,2,6
48,57,50,12,5,20,2,6
48,61,50,8,9,58,2,4
38,52,50,6,10,52,2,4
23,28,49,3,13,34,1,6
29,25,50,4,12,40,2,6
41,55,52,7,15,38,2,6
54,68,51,9,16,44,2,4
49,65,51,11,12,43,2,4
22,40,51,5,11,51,2,6
41,62,51,7,10,49,2,4
50,68,51,8,13,62,2,4
38,53,51,9,14,40,2,6
54,73,51,10,25,31,2,2
44,61,51,8,23,29,2,6
44,68,51,13,19,54,2,4
57,84,52,15,18,37,2,4
63,90,51,23,18,72,3,4
56,16,51,13,20,29,1,6
37,55,26,18,5,3,1,3
31,47,26,18,6,2,1,3
26,39,26,15,6,2,1,3
30,30,26,16,6,3,1,3
72,96,26,39,5,8,0,0
70,78,26,27,8,4,0,0
37,53,26,17,6,2,1,3
49,64,26,19,7,4,1,0
52,65,26,21,6,4,1,0
38,45,26,21,6,4,1,3
24,31,26,17,5,3,1,3
23,31,26,16,5,4,1,3
30,51,26,17,4,3,1,3
53,67,27,20,4,3,1,0
43,59,27,19,3,4,1,3
48,67,27,21,4,4,1,0
70,122,27,40,8,11,0,0
57,78,27,18,11,7,0,0
50,69,27,17,12,4,1,0
49,93,27,23,9,7,0,0
64,92,27,25,8,9,0,0
90,128,27,27,12,10,0,0
74,96,27,23,10,11,0,0
62,86,27,23,13,9,0,0
61,82,27,27,13,9,0,0
52,82,21,29,50,13,0,5
41,69,23,21,54,21,0,5
35,54,22,19,51,14,1,5
33,60,22,18,42,10,1,3
18,38,21,14,46,6,1,3
18,34,23,13,49,6,1,3
22,28,22,13,48,6,1,3
17,28,22,12,46,4,1,3
27,41,25,14,45,10,1,3
56,92,25,36,48,18,0,5
42,60,20,24,57,9,0,5
30,56,21,15,51,10,1,5
40,64,22,17,53,13,0,5
35,61,21,18,57,16,0,5
32,45,23,16,43,9,1,3
21,33,23,14,46,9,1,3
26,39,23,12,45,7,1,3
18,39,27,12,41,7,1,3
21,50,23,14,34,6,1,3
23,54,22,15,22,5,1,3
40,65,27,16,31,7,1,0
31,43,21,17,55,14,1,3
59,108,23,39,59,19,0,5
54,83,25,19,74,16,0,5
42,64,30,18,65,15,0,5
51,81,25,23,58,22,0,5
56,86,24,23,59,25,0,5
63,109,27,26,61,22,0,5
65,104,27,24,70,26,0,5
60,87,24,25,68,21,0,5
57,94,22,28,79,22,0,5
52,78,23,22,61,20,0,5
52,78,25,21,70,20,0,5
49,75,23,22,83,22,0,5
47,70,30,14,45,13,0,5
51,75,23,26,59,17,0,5
49,72,23,20,68,15,0,5
44,66,24,17,72,12,0,5
47,75,24,18,73,17,0,5
47,63,15,19,26,34,3,8
54,75,14,18,27,30,3,8
58,85,13,24,30,43,3,8
62,87,14,24,25,50,3,8
60,88,14,27,22,47,3,8
59,82,15,18,26,38,3,8
64,92,16,20,23,42,3,8
63,87,19,18,20,47,3,8
62,93,16,18,22,44,3,7
56,84,19,12,30,27,3,0
52,74,18,11,28,27,3,0
53,75,18,10,28,27,3,0
52,64,16,8,25,25,1,3
61,85,18,10,28,39,3,7
62,78,14,20,26,40,3,8
65,98,19,17,28,40,3,7
64,86,17,17,21,39,3,8
67,97,18,20,18,48,3,7
63,92,15,17,25,36,3,7
65,91,17,15,26,32,3,7
62,97,25,14,23,45,3,7
65,92,20,12,24,37,3,7
59,78,20,11,22,32,3,0
60,74,16,13,19,30,3,0
39,53,12,15,16,30,1,3
61,82,26,21,19,38,3,8
64,92,22,15,25,39,3,7
67,100,18,14,29,42,3,7
64,86,19,10,32,36,3,7
59,85,19,8,29,38,3,7
70,101,17,10,27,44,3,7
51,66,55,6,24,13,2,6
60,79,55,7,24,11,2,2
59,83,55,8,32,14,2,2
65,89,55,12,22,24,2,2
64,94,56,18,20,43,2,4
69,90,55,10,25,19,2,2
72,97,55,12,21,27,2,2
58,70,56,9,19,32,2,6
49,62,56,9,16,39,2,6
47,57,55,7,12,40,2,6
28,39,56,4,16,15,1,6
23,30,54,5,18,22,1,6
59,71,55,14,11,68,2,4
51,62,57,9,11,54,2,4
32,35,54,9,13,36,2,6
52,71,48,16,16,21,2,6
39,53,47,12,10,33,2,6
33,45,48,9,9,33,2,6
31,49,48,5,7,17,1,6
52,74,49,14,12,40,2,4
61,74,50,16,9,37,2,4
35,52,48,9,9,28,2,6
49,67,54,9,16,17,2,6
52,63,51,7,21,8,2,6
50,68,50,19,14,52,2,4
50,64,50,12,15,19,2,6
41,63,51,13,16,25,2,6
64,87,53,19,12,22,2,2
53,70,52,16,10,12,2,6
47,63,50,14,15,8,2,6
50,67,49,17,19,12,2,1
65,93,50,15,21,13,0,2
58,79,49,14,20,17,2,2
59,71,48,12,8,17,2,6
44,59,49,7,15,14,2,6
44,62,49,6,13,29,2,6
37,50,50,7,9,16,1,6
41,56,49,10,12,29,2,6
64,88,50,20,14,19,2,2
47,62,50,10,11,21,2,6
54,13,50,12,12,41,2,6
68,90,25,15,18,14,0,0
50,59,24,10,12,9,1,3
49,56,25,7,11,10,1,3
52,72,49,17,18,37,2,4
50,62,49,12,19,26,2,6
33,51,48,10,20,22,2,6
24,38,46,9,16,14,1,6
38,67,47,13,18,28,2,6
47,61,47,9,18,32,2,6
32,49,49,8,15,22,1,6
42,60,47,6,15,20,2,6
51,72,51,6,21,31,2,6
46,57,51,7,28,20,2,6
39,57,50,9,23,23,2,6
33,54,50,7,25,23,2,6
39,52,51,7,26,28,2,6
25,38,52,8,26,24,1,6
35,55,35,18,22,29,1,6
57,73,20,28,20,40,3,8
36,50,16,21,23,23,1,3
38,55,15,20,24,26,1,3
46,66,16,24,14,39,3,8
42,61,16,21,21,31,3,8
52,73,20,32,24,37,3,8
56,73,19,22,23,35,3,8
38,56,16,20,23,29,1,3
38,57,20,20,12,19,1,3
26,37,20,16,22,19,1,3
25,42,13,17,18,24,1,3
44,63,14,25,16,32,3,8
43,59,14,21,13,31,3,8
33,44,13,22,14,29,1,3
55,71,54,15,25,49,2,4
48,62,55,15,16,57,2,4
36,53,55,9,13,43,2,6
27,43,54,7,12,21,2,6
53,71,56,13,17,40,2,4
44,55,54,10,13,37,2,6
37,53,56,11,10,48,2,4
59,73,56,13,14,56,2,4
58,79,58,9,24,28,2,2
47,57,55,5,21,20,2,6
33,53,54,7,17,20,2,6
34,52,55,7,18,22,2,6
42,54,54,6,18,29,2,6
24,40,54,6,20,31,2,6
43,60,55,10,14,46,2,4
67,83,56,21,12,80,3,4
29,32,54,5,16,28,2,6
44,64,54,8,17,35,2,6
52,70,55,9,16,37,2,4
55,81,56,13,24,36,2,4
32,45,25,4,7,4,1,3
54,77,25,10,6,5,1,0
64,74,25,15,6,7,1,0
40,58,25,6,4,6,1,3
64,90,25,10,4,4,0,0
67,86,26,15,7,5,0,0
57,74,25,15,8,5,1,0
63,85,25,9,6,6,0,0
61,80,25,4,5,6,1,0
53,67,25,7,8,6,1,0
49,62,25,16,8,6,1,0
53,76,25,24,7,8,1,0
81,103,25,24,6,11,0,0
59,74,25,22,6,8,1,0
57,71,25,21,7,6,1,0
68,91,26,23,6,9,0,0
71,94,25,22,7,9,0,0
70,102,25,24,9,8,0,0
70,86,25,21,8,9,0,0
46,61,25,20,7,6,1,0
54,67,25,18,6,2,1,0
37,52,25,15,8,3,1,3
36,52,25,18,7,4,1,3
70,96,26,28,5,7,0,0
57,59,25,22,6,6,1,0
51,82,34,17,33,22,0,0
47,68,26,18,28,9,1,0
24,48,25,12,29,10,1,3
17,24,23,7,27,4,1,3
35,68,24,15,32,12,1,0
59,74,25,16,38,14,0,0
31,52,27,11,25,8,1,3
40,66,25,11,28,8,1,3
45,77,37,12,41,18,0,5
33,60,28,6,46,11,1,3
46,69,26,14,31,13,1,0
30,54,24,11,37,12,1,3
31,54,22,9,39,12,1,3
49,37,21,9,45,11,1,3
32,58,24,11,38,15,1,3
53,78,23,18,39,26,0,5
43,67,22,12,32,18,1,0
31,57,23,11,35,16,1,3
49,81,22,19,31,23,0,0
40,69,22,10,36,13,1,0
55,94,20,12,115,18,0,5
53,76,21,8,72,14,0,5
29,58,19,7,59,10,1,5
28,53,24,9,59,8,1,5
25,50,30,14,35,9,1,3
24,41,23,17,45,14,1,3
54,78,21,27,46,13,0,5
33,60,22,20,48,18,1,5
36,57,21,21,54,16,0,5
54,72,12,22,27,32,3,8
52,70,10,22,35,36,3,8
55,79,10,28,23,44,3,8
58,83,11,24,35,35,3,8
52,71,12,24,18,33,3,8
56,86,14,26,20,40,3,8
54,79,12,22,25,26,3,8
54,84,13,22,21,26,3,8
48,65,12,22,21,26,3,8
51,70,10,33,19,43,3,8
39,58,12,23,26,33,3,8
64,89,15,27,41,39,3,8
53,74,10,29,36,44,3,8
57,85,11,25,42,41,3,8
60,86,12,27,38,35,3,8
60,86,12,24,38,33,3,8
55,79,14,24,40,37,3,8
52,76,16,24,36,34,3,8
61,83,15,27,37,46,3,8
59,88,15,24,34,45,3,8
61,94,14,25,36,39,3,8
66,101,15,23,35,33,3,8
59,87,15,24,25,37,3,8
56,74,15,24,33,31,3,8
62,89,10,33,25,51,3,8
57,71,10,29,22,48,3,8
51,70,10,27,25,41,3,8
56,85,13,28,24,37,3,8
60,89,12,32,20,39,3,8
51,70,13,25,15,40,3,8
57,74,58,7,32,11,2,2
49,73,58,7,35,6,2,2
55,100,58,12,31,36,2,2
56,89,58,9,34,17,2,2
52,74,58,8,28,14,2,2
61,82,59,10,25,26,2,2
60,81,58,8,28,11,2,2
57,76,58,9,26,13,2,2
55,72,59,8,24,14,2,2
61,79,60,15,15,44,2,4
47,63,59,9,18,25,2,6
58,83,59,10,33,21,2,2
56,75,58,12,30,30,2,2
63,85,59,13,30,36,2,2
63,82,58,11,28,21,2,2
62,83,58,11,31,20,2,2
53,77,62,8,35,40,2,4
42,66,61,7,34,36,2,6
52,75,61,7,38,38,2,4
56,84,62,9,36,53,2,4
59,86,61,10,40,52,2,4
62,98,61,10,32,51,2,4
54,84,61,11,25,51,2,4
53,74,61,11,20,50,2,4
56,81,61,13,26,57,2,4
48,66,61,13,21,65,2,4
52,81,62,12,21,54,2,4
51,12,61,10,22,50,2,6
44,13,61,9,22,43,2,6
65,81,53,21,44,18,0,1
66,74,53,21,39,23,0,1
65,79,53,19,43,16,0,1
118,69,53,16,31,13,0,2
82,76,53,21,34,19,0,1
162,97,53,17,39,15,0,2
70,83,53,17,31,12,0,2
57,63,53,17,34,12,2,1
57,58,53,39,23,23,2,1
50,46,53,19,24,17,2,1
57,65,53,23,38,17,0,1
54,54,53,22,34,21,2,1
59,60,53,21,34,23,2,1
65,69,53,21,42,16,0,1
62,69,53,22,37,18,0,1
63,67,53,21,47,25,2,1
57,60,54,18,42,25,2,1
60,64,54,20,52,29,2,1
64,69,54,20,49,25,2,1
61,69,54,20,54,26,0,1
76,75,55,22,45,23,0,1
68,63,54,20,35,20,2,1
60,54,54,19,31,18,2,1
68,63,54,31,34,28,2,1
52,53,54,27,30,27,2,1
56,51,53,23,33,24,2,1
62,62,54,22,34,20,2,1
90,104,54,27,31,24,0,2
51,58,54,20,30,21,2,1
49,93,34,20,46,12,0,5
37,85,34,17,67,12,0,5
45,89,32,20,43,17,0,5
40,84,34,18,41,13,0,5
37,81,35,18,43,12,0,5
26,86,36,20,40,17,0,5
65,89,55,8,24,18,2,2
72,103,55,11,24,19,0,2
68,103,55,8,23,13,0,2
64,92,54,7,24,16,2,2
65,89,54,8,21,16,2,2
60,81,54,8,21,20,2,2
68,99,55,9,27,15,0,2
64,78,55,9,19,17,2,2
77,115,56,8,20,12,0,2
72,102,56,12,20,20,2,2
75,110,56,17,21,29,2,2
67,95,56,14,22,19,2,2
71,99,56,12,24,12,0,2
77,106,57,12,25,16,0,2
80,106,56,11,24,12,0,2
71,91,56,10,19,19,2,2
60,81,56,11,16,20,2,2
35,55,55,10,14,15,2,6
59,78,56,17,16,34,2,4
70,97,56,12,24,15,0,2
79,106,56,12,22,18,0,2
67,91,56,9,21,16,2,2
66,98,57,10,20,15,2,2
74,107,56,11,24,13,0,2
45,62,54,8,13,20,2,6
58,77,54,11,15,24,2,2
61,76,54,11,17,25,2,2
52,73,55,12,19,29,2,6
49,73,55,19,17,67,2,4
49,72,55,13,16,50,2,4
64,84,55,12,17,34,2,2
71,94,55,13,19,32,2,2
67,90,56,13,15,39,2,4
63,80,55,9,15,31,2,2
63,75,55,8,13,27,2,2
64,74,55,14,11,38,2,4
52,67,55,8,14,22,2,6
63,73,55,13,11,28,2,2
67,74,55,17,10,45,2,4
69,85,55,10,15,20,2,2
56,71,55,10,18,29,2,6
60,72,55,11,16,38,2,4
57,72,56,11,18,36,2,4
69,84,56,15,15,41,2,4
67,80,56,14,16,42,2,4
68,81,56,10,16,37,2,4
64,72,56,10,13,39,2,4
65,70,56,13,12,44,2,4
27,34,55,7,12,38,2,6
61,70,56,15,12,65,2,4
59,73,56,13,16,39,2,4
70,82,55,20,14,36,2,4
61,19,55,11,12,37,2,6
61,19,55,12,14,38,2,6
69,17,13,13,16,22,1,3
56,71,29,14,16,6,1,0
64,88,29,15,19,9,0,0
68,90,30,23,15,8,0,0
79,107,30,32,15,13,0,0
71,97,30,19,17,10,0,0
78,107,30,22,16,12,0,0
76,101,30,17,18,10,0,0
85,111,30,18,13,13,0,0
74,96,30,13,15,7,0,0
75,92,30,12,13,7,0,0
67,85,30,13,11,6,0,0
62,82,30,15,14,6,0,0
69,94,30,15,14,10,0,0
75,98,30,12,12,8,0,0
82,111,30,13,20,8,0,0
74,98,30,12,18,9,0,0
77,105,31,14,18,11,0,0
69,92,31,17,18,11,0,0
83,110,31,18,20,10,0,0
83,107,31,17,20,15,0,0
84,106,31,16,22,9,0,0
78,95,31,15,16,8,0,0
82,95,30,18,10,6,0,0
41,55,30,12,9,8,1,3
71,88,30,15,11,8,0,0
81,104,31,13,22,9,0,0
81,104,31,14,20,8,0,0
77,94,31,11,18,7,0,0
77,100,31,11,19,10,0,0
91,110,31,13,22,9,0,0
41,64,23,17,64,13,0,5
53,81,23,17,62,13,0,5
58,95,24,18,75,17,0,5
62,97,26,22,57,27,0,5
60,97,26,23,58,21,0,5
56,86,26,18,60,17,0,5
68,111,28,21,54,26,0,5
65,107,28,20,58,23,0,5
66,109,28,22,60,20,0,5
54,80,26,16,61,12,0,5
52,82,25,17,65,14,0,5
56,87,25,23,53,16,0,5
45,72,24,16,59,11,0,5
60,101,25,23,61,22,0,5
59,91,26,23,57,21,0,5
58,95,26,20,58,15,0,5
57,96,27,20,63,17,0,5
62,101,29,21,65,21,0,5
68,108,28,21,66,21,0,5
66,80,24,20,60,17,0,5
57,83,24,22,57,20,0,5
29,53,25,18,57,17,1,5
62,94,31,26,57,22,0,5
60,95,30,22,65,20,0,5
66,110,27,26,64,26,0,5
56,87,26,17,62,14,0,5
54,95,28,18,66,19,0,5
62,111,28,21,69,22,0,5
33,86,39,19,47,14,0,5
39,79,38,18,42,13,0,5
30,88,40,19,40,14,0,5
22,88,38,20,47,16,0,5
37,98,38,19,57,14,0,5
30,109,39,20,62,14,0,5
21,92,37,19,55,14,0,5
37,85,37,21,42,18,0,5
47,109,35,28,44,24,0,5
35,79,35,26,42,21,0,5
27,80,35,23,42,21,0,5
30,99,36,22,47,20,0,5
29,95,36,22,40,25,0,5
18,79,38,20,35,14,0,5
63,91,13,29,24,46,3,8
61,85,13,27,23,52,3,8
61,90,13,29,20,44,3,8
59,82,16,26,21,40,3,8
56,80,12,30,19,46,3,8
52,73,10,27,27,40,3,8
72,108,16,31,24,48,3,8
55,76,16,25,21,40,3,8
55,76,13,26,24,41,3,8
30,80,35,17,47,10,0,5
28,79,35,18,40,11,0,5
17,65,34,17,48,9,0,5
38,76,33,24,36,17,0,5
26,68,34,19,28,18,1,0
23,103,39,20,54,15,0,5
38,81,34,21,49,18,0,5
34,88,34,19,49,16,0,5
28,87,35,20,45,13,0,5
26,93,36,20,44,14,0,5
61,101,28,19,62,20,0,5
57,90,28,17,58,17,0,5
60,101,27,21,59,22,0,5
68,103,13,28,26,44,3,8
60,85,11,27,37,44,3,8
47,64,10,28,26,45,3,8
50,74,10,29,29,39,3,8
53,78,10,26,23,37,3,8
53,75,16,24,21,42,3,8
62,91,13,26,27,42,3,8
64,96,16,28,23,42,3,8
61,91,15,25,19,33,3,8
55,81,15,23,21,35,3,8
56,77,12,22,28,28,3,8
54,78,12,23,24,30,3,8
62,93,19,26,25,44,3,8
62,93,17,26,27,43,3,8
63,90,14,26,38,38,3,8
64,91,15,28,33,48,3,8
65,92,15,25,31,44,3,8
62,93,13,23,30,32,3,8
60,86,13,24,32,38,3,8
64,93,14,26,27,46,3,8
67,96,17,27,27,47,3,8
63,84,19,25,26,40,3,8
56,77,12,23,28,32,3,8
62,98,13,27,24,43,3,8
66,90,13,25,28,37,3,8
55,78,13,24,28,39,3,8
69,106,14,30,36,50,3,8
62,86,14,24,33,41,3,8
65,98,14,26,41,42,3,8
68,98,15,28,30,46,3,8
56,75,14,25,24,40,3,8
65,99,57,10,34,23,2,2
64,86,57,11,28,27,2,2
56,70,58,9,21,31,2,6
54,83,58,13,23,37,2,4
56,80,57,12,28,24,2,2
61,83,58,10,25,23,2,2
62,92,57,10,33,20,2,2
74,107,59,12,25,32,2,2
67,91,57,10,23,20,2,2
60,85,57,9,23,17,2,2
59,79,57,8,30,12,2,2
55,83,57,9,28,14,2,2
66,102,59,13,29,34,2,2
71,100,58,11,30,29,2,2
67,93,57,10,40,22,2,2
62,90,11,28,31,41,3,8
55,74,9,26,25,38,3,8
69,103,12,38,29,51,3,8
58,78,9,36,26,52,3,8
53,66,10,28,21,41,3,8
30,38,8,24,15,24,1,3
24,41,8,24,24,26,1,3
31,53,11,23,24,30,1,8
43,66,8,31,28,49,3,8
55,77,11,24,32,37,3,8
64,94,13,32,25,50,3,8
60,86,11,26,35,43,3,8
66,93,15,30,23,50,3,8
59,83,12,27,26,41,3,8
58,85,15,25,28,40,3,8
58,92,13,27,28,49,3,8
59,88,17,26,20,45,3,8
63,91,17,25,27,40,3,8
73,102,16,8,22,48,3,7
67,95,14,5,24,45,3,7
50,61,11,5,24,40,3,8
58,76,14,5,26,44,3,7
63,88,17,6,27,51,3,7
55,77,16,5,16,42,3,7
58,82,16,15,24,41,3,8
62,88,16,25,22,40,3,8
63,87,18,23,27,32,3,8
69,99,14,34,19,50,3,8
60,79,18,26,31,37,3,8
58,76,12,35,26,51,3,8
49,61,16,30,21,36,3,8
52,66,18,25,23,33,3,8
50,69,14,28,33,38,3,8
54,73,9,26,41,42,3,8
53,72,11,27,32,32,3,8
63,98,13,24,33,30,3,8
67,93,15,30,27,46,3,8
62,87,16,25,24,37,3,8
62,89,16,26,26,43,3,8
63,90,15,25,30,41,3,8
63,89,17,25,27,35,3,8
57,85,15,26,20,40,3,8
58,76,20,26,20,34,3,8
51,65,13,30,23,29,3,8
56,74,14,25,23,32,3,8
53,67,12,27,24,33,3,8
52,74,11,34,22,34,3,8
41,58,10,24,23,33,3,8
74,106,56,13,23,18,0,2
70,98,57,18,20,26,2,2
48,61,55,10,18,17,2,6
57,80,56,14,17,26,2,2
70,97,56,15,21,28,2,2
62,87,56,12,21,18,2,2
65,88,57,10,24,14,2,2
68,94,56,12,22,21,2,2
61,82,56,9,26,7,2,2
66,96,57,17,18,30,2,2
58,99,60,11,19,21,2,2
58,86,57,21,14,46,2,4
57,69,56,14,16,38,2,4
60,77,57,9,18,26,2,2
55,77,56,10,23,25,2,2
54,68,55,12,28,26,2,6
56,77,55,11,22,23,2,2
57,110,58,12,22,18,0,2
74,107,57,19,16,36,2,2
67,94,57,11,22,17,2,2
75,106,58,14,25,29,2,2
76,103,57,12,26,20,0,2
83,104,59,13,20,23,2,2
67,99,57,15,20,24,2,2
67,84,57,11,16,20,2,2
63,76,57,17,12,52,2,4
74,96,57,10,16,23,2,2
59,75,57,10,14,21,2,2
60,82,59,16,12,42,2,4
55,68,58,17,14,42,2,4
73,84,55,17,15,36,2,2
59,61,55,16,15,39,2,4
54,57,55,12,12,32,2,6
56,64,55,15,12,39,2,4
68,78,55,17,14,41,2,4
51,58,56,10,17,34,2,6
66,75,56,12,19,34,2,2
67,78,56,16,16,38,2,4
71,76,56,13,15,28,2,2
65,71,55,17,13,45,2,4
59,59,55,15,14,36,2,6
53,57,56,16,12,52,2,4
38,70,56,12,7,53,2,4
53,80,57,15,10,91,2,4
44,68,57,11,10,36,2,6
38,67,56,12,14,35,2,6
53,81,57,10,15,34,2,4
92,141,56,26,11,78,3,4
68,106,56,15,11,51,2,4
54,88,57,8,17,31,2,2
64,105,58,12,18,37,2,2
62,101,57,12,16,38,2,2
58,92,58,10,14,35,2,2
49,101,58,12,14,37,2,4
62,98,57,12,13,43,2,4
50,71,57,13,8,76,2,4
52,75,57,9,11,40,2,4
50,69,57,18,7,63,2,4
60,11,59,18,7,83,2,4
27,10,57,9,10,47,2,6
97,120,31,13,19,8,0,0
73,91,31,12,14,12,0,0
60,71,31,12,12,9,1,0
87,106,31,13,12,8,0,0
74,93,31,14,17,10,0,0
70,85,32,12,16,12,0,0
79,97,31,13,18,8,0,0
78,96,32,12,16,14,0,0
78,92,32,11,16,7,0,0
84,100,32,12,12,10,0,0
74,88,31,11,14,7,0,0
63,70,31,12,7,9,1,0
61,72,31,12,4,6,1,0
49,74,32,11,8,6,1,0
49,73,33,34,15,8,0,0
56,63,40,25,11,16,1,1
57,76,39,23,15,10,0,0
87,113,40,31,15,12,0,0
77,97,40,28,13,16,0,0
76,92,41,21,15,16,0,0
78,100,41,24,19,22,0,2
74,103,40,23,17,18,0,0
75,91,41,22,14,20,0,0
69,90,41,25,16,22,0,0
68,85,40,21,10,17,0,0
71,80,41,27,8,16,0,0
73,86,41,20,19,13,0,0
63,74,40,26,17,9,0,0
63,76,40,35,15,9,0,1
51,56,40,24,11,14,1,1
70,124,28,25,67,26,0,5
66,112,27,24,70,21,0,5
43,66,24,18,76,16,0,5
58,100,24,28,71,25,0,5
74,128,25,31,71,31,0,5
52,84,29,18,50,18,0,5
60,103,27,21,68,22,0,5
63,109,30,24,58,22,0,5
60,99,28,20,72,19,0,5
60,104,28,27,61,25,0,5
53,88,27,20,73,18,0,5
56,92,26,27,66,27,0,5
44,70,29,21,45,19,0,5
39,69,33,19,53,18,0,5
46,77,29,23,46,22,0,5
44,74,28,23,63,23,0,5
47,77,28,20,53,14,0,5
67,124,29,25,52,14,0,5
67,112,30,29,48,22,0,5
54,88,32,19,48,18,0,5
64,110,34,23,38,24,0,5
63,105,32,22,51,19,0,5
61,97,34,21,35,16,0,5
60,103,33,22,39,20,0,5
58,91,35,21,39,18,0,5
55,84,31,29,29,13,0,0
47,74,34,18,41,16,0,5
46,70,35,24,45,19,0,5
55,87,30,30,46,14,0,5
38,66,31,22,35,16,0,1
70,98,57,12,29,31,2,2
58,84,15,25,23,38,3,8
60,84,17,24,24,38,3,8
59,87,13,24,26,35,3,8
59,79,12,24,29,38,3,8
63,92,16,25,33,41,3,8
75,99,23,27,27,44,3,8
61,83,16,26,28,43,3,8
59,84,15,27,15,42,3,8
64,94,17,24,18,37,3,8
64,102,16,24,29,33,3,8
63,90,15,23,25,33,3,8
63,96,16,26,20,44,3,8
69,105,16,27,21,49,3,8
61,92,57,15,22,26,2,2
59,74,58,12,17,26,2,2
71,103,57,18,21,48,2,4
59,76,56,21,19,54,2,4
53,70,57,15,13,48,2,4
33,47,57,10,10,25,2,6
35,53,58,15,13,44,2,6
42,56,58,11,15,23,2,6
39,65,57,12,19,32,2,6
62,79,57,10,22,25,2,2
67,101,57,16,24,40,2,2
79,109,60,17,24,46,2,4
65,90,57,14,28,27,2,2
66,96,57,15,33,32,2,2
66,96,57,14,31,31,2,2
71,97,58,13,26,30,2,2
71,95,58,11,30,17,2,2
66,89,58,11,26,20,2,2
67,87,58,11,27,23,2,2
63,89,57,11,30,16,2,2
58,78,57,11,39,15,2,2
64,88,57,11,38,23,2,2
80,115,59,12,30,37,2,2
70,92,57,11,36,28,2,2
64,93,58,11,28,25,2,2
70,100,58,10,28,22,2,2
72,104,58,10,33,17,0,2
67,93,57,9,31,12,0,2
75,106,58,11,27,27,2,2
78,110,58,11,30,26,2,2
56,89,57,13,13,41,2,4
35,67,57,10,11,37,2,6
71,106,58,21,12,77,3,4
46,71,57,15,12,62,2,4
52,69,58,12,9,57,2,4
31,58,57,11,10,45,2,6
51,77,58,7,12,24,2,6
64,101,58,13,11,31,2,2
61,98,58,12,17,32,2,2
68,111,59,19,17,65,2,4
61,92,58,12,17,33,2,2
57,90,58,11,17,29,2,2
54,86,58,9,22,27,2,2
59,93,58,11,17,29,2,2
59,88,58,9,18,26,2,2
53,82,58,8,19,24,2,2
58,89,58,9,19,28,2,2
52,81,58,8,20,25,2,2
51,78,58,8,20,25,2,2
55,83,59,8,23,25,2,2
54,82,60,7,22,30,2,2
45,73,58,7,20,34,2,6
52,76,58,8,15,38,2,4
60,91,59,9,19,32,2,2
62,99,59,9,21,32,2,2
54,15,59,8,22,33,2,6
55,16,59,8,21,32,2,6
62,16,28,26,21,28,1,3
73,98,40,30,18,14,0,0
61,71,40,25,15,15,0,0
77,105,43,36,17,15,0,0
61,68,51,31,17,16,2,1
64,65,51,24,12,16,2,1
51,51,51,20,11,12,1,6
33,46,51,24,11,14,1,6
52,63,51,22,21,10,2,1
46,55,51,22,18,13,2,1
65,74,51,19,20,12,2,2
75,107,51,28,26,17,0,2
79,94,51,26,29,20,0,2
49,102,51,29,21,23,0,2
49,100,51,27,19,22,0,2
49,88,51,23,22,22,2,2
74,81,51,23,29,20,0,2
77,97,51,26,19,22,0,2
76,90,51,21,24,18,0,2
73,81,51,19,24,17,0,2
76,84,51,21,25,16,0,2
70,81,51,20,27,16,0,2
69,80,51,21,32,17,0,1
72,81,52,21,34,19,0,2
77,87,52,21,26,23,0,2
66,74,51,20,30,19,2,1
64,79,52,22,25,17,0,1
75,92,51,20,27,16,0,2
75,90,51,21,31,15,0,2
83,97,52,20,31,17,0,2
80,94,52,23,28,19,0,2
96,113,52,28,28,20,0,2
49,94,34,21,44,17,0,5
48,74,28,19,45,16,0,5
49,121,31,33,43,25,0,5
49,84,30,29,24,25,0,8
49,78,38,24,23,27,0,0
49,43,33,20,17,16,1,3
49,45,32,24,19,13,1,3
49,60,34,22,31,14,1,1
49,66,30,22,36,23,0,1
49,77,35,18,44,15,0,5
66,117,33,27,25,23,0,7
53,96,34,22,36,20,0,5
65,112,34,29,25,32,0,7
59,104,33,25,27,23,0,0
52,89,35,22,31,20,0,0
53,99,34,24,37,24,0,5
57,99,35,25,27,25,0,0
52,89,37,20,36,17,0,5
47,93,34,20,53,15,0,5
51,91,35,19,54,17,0,5
45,88,33,18,58,13,0,5
39,82,32,18,61,13,0,5
47,85,35,18,52,14,0,5
53,95,38,19,41,16,0,5
44,84,34,19,47,15,0,5
53,90,34,20,37,16,0,5
52,91,36,19,44,16,0,5
55,104,34,20,54,14,0,5
44,94,34,20,46,15,0,5
53,102,33,21,39,19,0,5
59,112,34,22,42,22,0,5
65,91,58,11,36,27,2,2
70,95,58,8,34,17,2,2
64,89,58,7,32,10,2,2
61,87,58,8,35,14,2,2
68,97,58,9,31,20,2,2
73,102,58,9,33,23,2,2
65,91,59,9,28,22,2,2
57,79,57,7,29,9,2,2
66,101,58,10,28,27,2,2
65,93,58,9,30,17,2,2
54,82,58,9,35,18,2,2
70,106,58,12,36,31,2,2
71,94,58,9,32,29,2,2
70,101,58,9,43,25,0,2
68,93,58,11,28,34,2,2
59,80,58,8,31,22,2,2
60,99,59,10,18,40,2,4
45,73,58,10,11,44,2,4
33,60,58,12,5,53,2,4
45,65,58,14,4,59,2,4
46,72,58,10,5,41,2,4
53,80,58,10,6,38,2,4
57,92,58,9,7,33,2,2
69,112,59,14,9,48,2,4
62,94,59,11,16,46,2,4
54,84,59,9,19,31,2,2
51,76,58,7,19,19,2,2
43,74,59,7,22,29,2,6
64,95,61,12,27,47,2,4
62,96,61,11,32,40,2,2
63,93,60,11,29,45,2,4
58,94,60,10,32,44,2,4
69,104,62,13,38,50,2,4
66,104,61,11,36,38,2,2
56,85,60,8,35,36,2,2
64,103,62,11,32,50,2,4
63,103,63,12,29,58,2,4
62,89,63,9,31,48,2,4
60,88,60,9,29,48,2,4
59,92,60,9,32,32,2,2
55,82,60,8,33,30,2,2
60,90,60,12,26,50,2,4
65,98,61,12,30,50,2,4
54,80,61,8,37,39,2,4
61,14,61,10,33,46,2,6
59,15,61,11,32,50,2,6
47,14,19,22,32,38,1,3
72,83,51,21,32,17,0,2
63,75,51,23,28,20,0,1
54,58,51,22,22,14,2,1
58,64,51,29,18,13,2,1
53,67,51,21,21,15,2,1
67,75,52,21,24,17,2,1
76,87,52,21,30,17,0,2
91,98,52,25,32,22,0,2
78,85,53,23,32,19,0,2
64,75,53,19,39,18,0,1
62,68,52,17,47,15,0,1
56,66,52,17,43,14,0,1
75,88,53,23,38,24,0,2
78,85,53,24,37,25,0,2
78,84,53,22,42,22,0,2
73,83,53,23,44,24,0,1
75,93,54,24,56,23,0,5
76,90,53,21,46,16,0,2
70,81,53,20,48,15,0,1
81,95,53,22,48,20,0,2
85,95,53,23,43,23,0,2
86,102,54,19,47,17,0,2
87,103,52,20,31,13,0,2
69,85,53,22,40,24,0,2
75,80,53,21,40,19,0,1
72,76,53,22,40,21,0,1
71,84,54,26,43,29,0,1
70,79,53,20,52,22,0,1
187,123,54,23,48,33,0,2
71,82,53,23,43,26,0,1
133,135,53,19,38,21,0,2
57,107,32,20,55,15,0,5
54,90,32,21,53,16,0,5
36,70,32,21,48,18,0,5
51,82,31,26,48,20,0,5
51,84,33,19,47,15,0,5
45,81,36,19,43,17,0,5
53,101,33,20,44,18,0,5
64,118,35,24,32,24,0,7
52,97,35,20,39,15,0,5
43,89,35,18,43,15,0,5
43,85,32,17,51,10,0,5
36,86,33,18,42,11,0,5
59,110,36,23,32,23,0,7
58,109,36,22,40,21,0,5
48,100,35,21,50,18,0,5
55,103,35,22,45,19,0,5
51,107,37,22,51,21,0,5
55,107,34,21,50,16,0,5
46,94,33,19,57,15,0,5
62,115,33,22,52,18,0,5
64,118,35,21,54,18,0,5
47,87,39,18,48,15,0,5
46,79,33,17,67,12,0,5
54,101,35,19,47,16,0,5
52,93,34,18,50,11,0,5
54,102,35,21,40,17,0,5
65,116,36,22,58,18,0,5
50,87,36,20,46,17,0,5
59,107,37,20,62,16,0,5
65,127,36,23,47,21,0,5
42,80,35,18,41,13,0,5
59,84,59,11,32,25,2,2
72,89,59,11,33,35,2,2
67,87,59,8,34,25,2,2
68,89,59,6,33,21,2,2
74,97,59,5,34,14,2,2
67,85,60,9,24,17,2,2
60,74,59,9,21,16,2,2
66,91,59,22,23,57,2,4
57,75,59,15,21,42,2,4
63,79,60,15,20,43,2,4
58,74,59,9,22,15,2,2
61,80,58,12,24,21,2,2
52,67,59,11,22,21,2,6
54,79,61,9,33,45,2,4
57,84,61,8,32,46,2,4
51,72,60,8,29,42,2,4
46,71,61,7,31,38,2,4
51,66,61,7,23,41,2,4
48,70,61,8,27,39,2,4
56,74,61,7,26,38,2,4
48,70,61,6,23,34,2,6
44,61,61,6,24,34,2,6
34,71,60,8,20,44,2,4
55,80,61,11,28,52,2,4
51,68,60,10,26,51,2,4
65,87,59,11,35,22,2,2
53,70,60,8,32,47,2,4
51,74,61,8,33,44,2,4
59,84,61,9,28,44,2,4
60,61,52,22,44,24,2,1
65,63,53,25,47,26,2,1
54,57,53,20,51,27,2,1
50,55,53,20,56,31,2,1
68,70,53,24,49,28,0,1
64,80,54,28,42,34,2,1
51,62,54,21,34,19,2,1
72,73,53,28,37,36,2,1
57,59,54,19,51,24,2,1
51,56,54,19,40,25,2,1
53,55,53,19,45,22,2,1
52,53,53,19,42,22,2,1
52,57,55,18,52,22,2,1
60,66,54,23,44,26,2,1
66,64,54,21,44,24,2,1
64,63,54,21,45,30,2,1
62,59,53,24,41,27,2,1
33,103,37,22,51,17,0,5
25,90,37,20,54,16,0,5
25,95,38,22,49,17,0,5
30,94,38,22,46,16,0,5
22,80,37,21,44,18,0,5
19,76,36,21,49,15,0,5
35,121,38,27,46,19,0,5
25,84,39,21,39,17,0,5
24,82,37,20,52,13,0,5
32,92,38,20,52,14,0,5
20,102,39,23,44,20,0,5
21,92,39,20,48,16,0,5
49,111,41,21,51,14,0,5
68,113,38,22,48,17,0,5
34,84,39,19,61,12,0,5
32,111,40,22,59,18,0,5
53,75,39,20,43,16,0,5
47,73,38,19,49,12,0,5
61,93,42,21,51,15,0,5
55,84,40,18,33,11,0,0
38,81,39,19,36,11,0,5
54,92,40,21,43,17,0,5
52,87,42,19,59,13,0,5
43,79,40,17,55,11,0,5
50,82,39,20,59,17,0,5
50,78,39,21,44,16,0,5
48,75,45,17,42,10,0,1
42,79,40,18,52,10,0,5
51,83,40,19,48,16,0,5
56,99,40,20,58,14,0,5
55,89,41,20,52,15,0,5
62,61,54,26,44,30,2,1
74,67,54,24,36,36,2,1
58,55,53,34,30,26,2,1
55,52,53,30,34,30,2,1
49,37,53,28,24,25,2,1
42,61,54,27,24,19,2,1
18,64,55,22,23,20,2,1
18,65,55,30,35,28,2,1
37,56,53,28,41,30,2,1
38,60,53,42,33,27,2,1
18,41,54,22,25,21,1,6
19,51,54,27,23,25,2,1
49,44,54,24,33,26,2,1
49,52,54,22,33,24,2,1
49,48,54,23,29,26,2,1
49,54,55,25,28,25,2,1
49,38,53,27,18,19,2,1
49,38,54,26,23,16,2,1
49,51,54,27,28,22,2,1
49,42,54,26,18,22,2,1
49,28,53,24,19,20,1,1
49,27,53,19,19,16,1,6
49,34,53,20,13,16,1,6
66,105,40,22,49,19,0,5
60,97,41,22,44,18,0,5
53,81,39,26,36,18,0,1
52,67,38,24,38,19,0,1
49,85,39,21,51,19,0,5
49,78,38,22,44,19,0,5
49,108,41,23,58,15,0,5
49,109,39,22,53,16,0,5
49,71,44,21,62,15,0,5
49,71,38,23,49,17,0,5
49,71,38,25,56,17,0,5
49,68,39,24,33,17,0,1
49,113,41,32,39,14,0,5
49,124,45,24,57,13,0,5
49,133,50,21,44,17,0,5
49,141,45,19,61,14,0,5
49,157,41,33,55,19,0,5
49,87,40,17,51,13,0,5
49,86,41,21,38,13,0,5
49,73,41,22,49,17,0,5
49,71,45,20,38,16,0,1
49,71,44,17,33,10,0,1
49,71,41,18,36,11,0,1
49,71,40,16,30,7,0,0
49,71,42,19,31,7,0,1
49,53,42,20,35,8,1,1
49,56,44,19,28,12,1,1
49,38,39,18,27,9,1,3
49,41,40,17,16,9,1,3
49,24,40,15,15,5,1,3
32,65,67,7,9,40,2,6
19,52,67,6,9,33,2,6
19,31,67,4,12,15,2,6
30,45,67,7,10,22,2,6
17,26,67,3,12,13,1,6
26,47,68,4,11,17,2,6
66,103,69,27,12,98,3,4
38,67,68,15,18,57,2,4
42,69,69,11,11,29,2,6
38,56,68,12,7,61,2,4
14,26,68,3,11,15,2,6
19,40,68,3,13,10,2,6
21,52,69,4,13,14,2,6
22,40,68,4,11,15,2,6
18,40,68,6,10,21,2,6
27,48,68,5,10,21,2,6
27,37,68,6,10,30,2,6
50,67,69,8,8,59,2,4
18,35,68,5,8,27,2,6
25,46,69,5,10,32,2,6
23,53,26,5,11,30,1,3
53,80,16,11,13,31,3,0
52,78,12,15,11,45,3,8
38,55,12,9,10,33,1,3
52,79,12,11,11,52,3,8
39,62,12,11,9,35,1,3
53,83,12,10,11,36,3,7
64,101,14,9,11,35,3,7
51,21,13,10,13,35,1,3
35,10,13,5,12,13,1,3
29,11,6,13,10,18,1,3
29,39,59,10,10,21,2,6
25,32,59,9,10,17,1,6
21,22,59,9,12,14,1,6
25,21,59,10,11,13,1,6
21,21,59,9,11,19,1,6
32,33,60,12,11,25,2,6
71,87,63,26,10,76,2,4
58,68,61,13,14,30,2,6
49,58,60,10,10,35,2,6
39,43,60,15,8,43,2,6
28,36,60,9,12,20,2,6
31,34,61,11,12,25,2,6
36,49,72,10,11,9,2,6
33,48,23,11,12,13,1,3
25,34,23,10,12,11,1,3
62,87,11,28,33,47,3,8
60,87,14,25,26,41,3,8
51,70,10,34,29,43,3,8
44,60,8,25,24,37,3,8
40,65,12,28,75,45,3,5
40,58,10,26,15,39,3,8
55,83,13,27,18,40,3,8
57,83,12,28,24,44,3,8
67,99,16,32,20,46,3,8
54,71,10,32,15,41,3,8
51,71,10,30,18,42,3,8
39,53,9,28,9,36,3,8
53,74,8,31,7,33,3,8
61,96,19,26,9,34,3,8
69,106,22,31,13,49,3,8
76,109,12,28,13,40,3,8
76,115,11,38,14,47,3,8
52,68,9,25,9,32,3,8
38,61,10,28,16,36,3,8
44,62,13,28,19,40,3,8
46,64,16,26,16,36,3,8
32,48,13,24,17,31,1,3
34,54,12,26,18,29,1,8
40,51,10,25,11,22,1,3
31,44,14,24,14,27,1,3
40,55,13,26,14,29,1,8
50,71,10,33,10,27,3,8
30,42,9,25,9,24,1,3
29,32,10,23,8,21,1,3
27,40,10,22,7,16,1,3
62,88,59,15,29,31,2,2
70,89,60,11,25,18,2,2
51,66,59,18,25,39,2,4
52,66,59,15,18,34,2,6
51,70,59,13,22,25,2,6
50,63,59,14,21,29,2,6
60,86,60,12,25,26,2,2
60,91,60,16,30,36,2,2
71,100,60,11,31,25,2,2
60,77,60,20,21,49,2,4
55,70,59,16,23,36,2,4
52,59,60,15,16,39,2,6
61,81,61,13,14,38,2,4
64,96,61,10,15,22,2,2
76,118,62,14,21,27,2,2
78,113,61,13,20,25,2,2
100,132,62,24,17,52,2,4
58,69,60,11,16,19,2,2
50,68,60,16,19,33,2,6
57,71,61,15,23,42,2,4
57,70,35,12,19,29,2,0
43,54,60,11,19,25,2,6
44,58,60,13,20,27,2,6
41,49,60,11,15,20,2,6
36,52,60,12,11,25,2,6
54,63,62,13,16,35,2,6
50,59,61,16,13,41,2,4
30,44,59,13,11,25,2,6
38,53,60,12,11,25,2,6
26,39,59,10,11,21,2,6
52,77,64,12,26,59,2,4
58,84,65,13,24,71,2,4
50,73,64,11,26,67,2,4
35,55,64,10,23,60,2,4
58,80,65,13,25,79,2,4
59,83,64,12,31,58,2,4
51,79,64,11,28,64,2,4
74,102,68,16,16,92,2,4
70,102,67,13,24,71,2,4
67,87,65,14,22,64,2,4
50,57,64,11,19,64,2,4
49,61,65,10,18,58,2,4
21,10,67,6,13,26,2,6
35,10,67,7,10,34,2,6
58,59,54,23,36,28,2,1
66,68,54,23,32,23,2,1
45,52,53,32,28,28,2,1
48,51,53,27,35,28,2,1
56,55,54,23,35,25,2,1
43,49,53,22,29,24,2,1
53,61,54,24,33,21,2,1
60,86,14,27,26,43,3,8
60,83,15,28,18,47,3,8
58,77,16,24,22,34,3,8
63,92,11,27,26,33,3,8
61,86,12,26,31,37,3,8
53,71,13,24,35,40,3,8
69,94,15,30,33,48,3,8
59,70,14,26,32,44,3,8
55,73,13,25,36,40,3,8
65,82,14,26,39,37,3,8
61,82,14,36,20,34,3,8
51,82,12,23,28,32,3,8
64,94,14,28,32,51,3,8
57,84,12,24,40,38,3,8
52,78,10,23,34,35,3,8
52,73,9,26,40,45,3,8
57,76,8,26,29,40,3,8
54,78,19,23,34,31,3,8
60,83,10,26,37,36,3,8
59,75,11,28,29,41,3,8
62,86,11,27,36,44,3,8
59,78,11,28,29,45,3,8
63,85,59,12,28,22,2,2
67,89,59,12,30,26,2,2
69,96,59,12,25,26,2,2
63,82,59,10,29,18,2,2
62,82,59,15,23,38,2,4
56,75,59,13,28,23,2,2
77,107,60,16,25,35,2,2
63,84,60,12,25,23,2,2
62,77,59,10,30,15,2,2
69,88,59,11,30,22,2,2
62,77,59,9,28,16,2,2
65,82,60,10,24,19,2,2
62,82,58,12,24,18,2,2
65,82,59,13,26,26,2,2
60,81,59,13,36,25,2,2
78,100,60,16,33,36,2,2
60,77,59,14,32,33,2,2
61,80,59,12,40,23,2,2
78,102,59,13,34,26,2,2
59,71,59,12,23,21,2,2
51,70,59,12,27,22,2,2
85,106,60,14,34,32,2,2
68,90,59,11,38,17,2,2
60,74,59,9,29,18,2,2
52,69,59,9,31,18,2,2
59,75,59,13,31,29,2,2
58,77,61,11,32,19,2,2
64,90,60,13,30,22,2,2
65,86,60,14,31,29,2,2
66,87,59,12,34,22,2,2
65,80,59,13,28,26,2,2
62,91,62,13,25,61,2,4
52,84,62,10,29,53,2,4
49,81,63,11,23,56,2,4
50,75,63,10,25,52,2,4
39,69,62,10,27,48,2,4
39,67,62,9,28,41,2,4
78,115,63,19,23,70,2,4
46,72,63,8,28,47,2,4
53,78,62,9,29,43,2,4
45,73,62,8,30,46,2,4
52,79,63,15,27,68,2,4
54,83,64,12,26,59,2,4
58,86,63,12,27,52,2,4
77,108,63,17,29,63,2,4
50,72,63,9,33,44,2,4
61,84,63,14,31,59,2,4
37,64,64,8,36,45,2,4
36,67,63,8,39,42,2,4
60,94,64,12,36,63,2,4
53,75,65,9,22,59,2,4
33,69,63,7,28,35,2,6
49,73,64,9,27,50,2,4
43,72,64,7,36,46,2,4
26,60,64,6,29,42,2,6
53,69,64,9,25,58,2,4
46,61,63,9,23,54,2,4
44,72,66,8,29,52,2,4
58,87,64,10,28,52,2,4
45,11,64,10,28,54,2,6
53,11,64,9,34,53,2,6
51,11,24,26,31,41,1,3
100,102,54,25,37,25,0,2
67,71,54,22,40,22,2,1
65,74,54,25,33,27,2,1
64,67,54,21,35,22,2,1
58,62,54,24,33,27,2,1
50,56,54,21,36,19,2,1
75,76,54,30,28,29,2,1
59,62,49,20,33,23,2,1
61,60,53,19,37,18,2,1
58,62,53,20,41,20,2,1
64,66,53,23,34,26,2,1
58,64,54,21,33,25,2,1
59,60,53,21,36,20,2,1
78,76,53,29,43,30,0,1
16,50,18,3,16,4,1,3
23,81,19,9,24,3,1,0
30,77,20,11,29,3,1,0
31,85,21,12,47,4,0,5
24,78,20,9,37,4,1,0
21,81,21,9,33,5,1,0
24,88,21,8,37,5,0,0
58,91,34,17,19,41,3,7
58,89,33,14,20,36,3,7
56,83,33,15,16,46,3,7
52,73,29,15,16,36,3,0
60,96,35,20,11,42,3,7
53,83,32,19,13,47,3,7
58,85,31,23,12,50,3,8
66,101,29,32,11,56,3,8
54,80,29,18,16,40,3,8
56,88,33,18,23,39,3,7
15,49,13,6,20,4,1,3
11,54,21,5,42,4,1,3
11,54,26,4,50,5,1,3
7,25,11,3,55,25,1,3
11,37,24,3,49,3,1,3
10,43,18,3,52,5,1,3
15,54,3,12,38,13,1,3
15,53,16,10,26,14,1,3
16,66,28,7,28,15,1,3
17,74,25,13,25,13,1,3
16,64,22,10,24,9,1,3
17,62,34,8,21,9,1,3
10,54,24,3,13,8,1,3
8,32,22,3,20,7,1,3
11,32,15,6,25,14,1,3
8,24,13,4,28,8,1,3
10,51,14,7,26,13,1,3
61,87,30,22,19,37,3,8
38,59,29,14,11,24,1,3
36,62,31,12,15,23,1,3
47,71,31,16,21,41,3,8
52,73,33,19,18,46,3,8
51,77,27,19,24,49,3,8
58,82,29,18,14,45,3,7
53,77,30,28,15,36,3,8
50,73,32,14,19,38,3,7
59,87,39,23,11,52,3,4
52,80,35,17,6,44,3,4
55,78,27,22,5,43,3,8
64,84,33,24,16,14,0,0
51,74,30,22,20,6,0,0
30,32,29,14,12,12,1,3
48,62,34,16,12,10,1,0
52,72,33,18,20,17,0,0
53,72,31,21,17,8,0,0
58,73,30,21,14,33,3,8
56,73,32,19,17,42,3,8
41,57,32,15,21,31,1,6
44,61,32,15,14,33,1,6
53,78,34,21,21,35,3,8
62,81,34,25,13,47,3,8
24,50,30,13,14,38,1,6
53,77,34,22,19,42,3,8
53,77,35,18,20,33,3,0
56,89,31,17,22,31,3,7
49,71,31,16,19,34,3,0
57,83,34,17,20,7,0,0
60,84,35,16,23,25,0,0
19,50,17,7,12,18,1,3
29,55,17,10,10,29,1,3
21,54,17,10,19,46,3,3
30,57,17,9,18,18,1,3
42,68,23,9,19,17,1,0
41,65,19,13,18,43,3,8
26,53,19,13,21,32,1,3
40,71,22,11,24,28,1,0
49,78,22,12,21,25,3,0
55,90,20,15,23,33,3,7
41,70,19,17,23,40,3,8
44,73,19,23,18,54,3,8
35,61,19,13,20,25,1,3
24,40,19,8,11,30,1,3
35,61,24,9,15,25,1,3
51,72,22,19,23,57,3,8
63,96,21,19,18,38,3,7
40,70,22,14,16,39,3,8
32,61,22,9,21,15,1,3
49,57,27,8,13,33,1,6
62,95,24,16,15,52,3,7
59,84,23,18,11,74,3,8
38,53,22,6,14,27,1,3
40,60,22,13,14,58,3,8
47,75,28,13,22,43,3,7
44,70,24,14,25,38,3,8
35,66,25,10,27,22,1,3
43,70,26,11,27,22,1,0
47,79,27,10,29,20,0,0
18,25,17,9,13,8,1,3
30,31,16,12,11,10,1,3
34,29,17,13,16,8,1,3
31,71,35,15,24,25,1,0
51,47,21,9,26,13,1,3
55,41,17,15,23,12,1,3
42,37,18,15,24,16,1,3
51,45,20,11,26,15,1,3
60,51,20,13,25,15,1,3
64,53,19,13,26,15,1,3
59,45,18,18,26,19,1,3
65,40,19,20,26,30,1,3
58,47,18,15,27,24,1,3
28,22,17,9,13,11,1,3
51,41,20,10,17,17,1,3
58,48,22,14,26,19,1,3
54,34,19,12,28,24,1,3
59,45,19,17,20,30,1,3
53,49,18,13,23,17,1,3
44,47,21,10,33,18,1,3
50,42,22,8,19,17,1,3
60,71,21,17,24,20,0,0
69,71,19,21,17,16,0,0
27,61,19,8,21,9,1,3
59,93,19,18,31,14,0,0
56,87,19,13,35,18,0,0
61,90,20,12,33,17,0,0
54,87,21,10,30,17,0,0
61,97,22,11,32,21,0,0
60,97,22,11,33,19,0,0
15,39,22,5,25,13,1,3
11,40,35,6,20,13,1,3
22,45,35,9,30,11,1,3
33,54,35,8,41,11,1,3
50,70,35,12,30,11,0,0
55,74,35,20,32,10,0,0
36,57,35,13,34,12,1,3
55,84,35,13,32,12,0,0
44,71,35,8,37,12,0,0
57,94,25,17,46,11,0,5
54,94,25,15,50,13,0,5
54,92,26,19,41,13,0,5
52,85,26,13,48,12,0,5
24,34,25,5,29,11,1,3
40,67,33,8,35,10,1,0
57,91,32,15,45,11,0,5
51,84,27,11,52,12,0,5
56,99,31,10,43,12,0,5
53,77,28,11,51,10,0,5
41,63,32,6,35,11,1,3
40,61,32,6,25,11,1,3
55,81,32,9,28,11,0,0
55,75,16,12,23,7,1,0
27,33,22,14,16,12,1,3
26,38,23,15,14,25,1,3
33,41,22,13,11,5,1,3
22,28,24,12,9,5,1,3
33,32,24,16,9,25,1,3
31,40,22,14,10,25,1,3
36,53,22,15,11,25,1,3
39,46,21,14,12,25,1,3
49,63,23,20,14,17,1,0
43,50,22,16,12,15,1,3
46,58,22,20,12,21,1,3
41,55,24,15,12,11,1,3
46,59,25,14,12,15,1,3
49,61,26,13,14,12,1,3
34,50,21,11,14,11,1,3
29,35,22,11,12,13,1,3
49,28,54,18,13,10,1,6
49,19,53,17,13,10,1,6
49,15,53,15,17,11,1,6
49,20,53,17,14,15,1,6
49,17,53,15,18,12,1,6
49,22,53,16,16,13,1,6
49,77,54,45,19,33,3,1
49,54,54,29,28,22,2,1
49,37,54,22,17,23,2,6
49,29,54,31,9,19,1,1
49,16,54,15,14,13,1,6
49,19,54,14,17,10,1,6
49,22,54,14,19,12,1,6
15,18,54,15,14,11,1,6
26,21,54,18,15,14,1,6
22,19,54,18,14,15,1,6
26,21,54,18,17,15,1,6
35,29,54,18,12,11,1,6
24,22,54,16,13,10,1,6
26,20,54,18,17,14,1,6
34,20,22,17,14,16,1,3
48,35,22,22,19,22,1,3
50,30,21,25,18,24,1,3
38,22,21,23,15,21,1,3
39,27,21,14,15,12,1,3
42,26,21,14,14,10,1,3
44,29,21,11,17,14,1,3
50,33,23,9,20,13,1,3
53,37,23,12,19,14,1,3
39,19,22,7,22,11,1,3
27,15,21,6,18,8,1,3
49,26,39,15,16,4,1,3
49,22,39,15,19,3,1,3
49,18,39,14,21,3,1,3
49,23,42,15,22,6,1,3
49,22,41,15,28,5,1,3
49,31,45,16,27,8,1,3
49,67,44,41,33,15,0,1
49,48,40,24,41,12,1,1
49,50,43,19,39,12,1,1
49,43,40,21,24,8,1,1
49,33,42,15,26,4,1,3
49,25,42,15,21,4,1,3
49,36,45,15,17,6,1,6
49,31,42,15,20,4,1,3
49,34,44,16,22,5,1,3
49,35,42,16,30,6,1,3
49,37,42,16,34,7,1,1
49,29,18,15,29,5,1,3
49,20,51,4,29,5,1,6
49,36,15,7,31,6,1,3
49,38,17,6,35,8,1,3
49,38,14,7,41,12,1,3
49,35,3,8,43,12,1,3
49,51,10,11,39,12,1,3
49,43,9,7,33,9,1,3
49,51,7,10,24,11,1,3
49,55,27,9,30,12,1,3
49,40,26,6,30,12,1,3
49,51,32,8,28,11,1,3
49,34,9,5,38,8,1,3
49,26,9,3,26,3,1,3
46,63,12,22,10,16,1,0
30,38,12,21,11,18,1,3
43,57,14,23,11,24,1,3
37,61,15,22,9,17,1,3
26,56,10,20,8,11,1,3
47,58,14,28,9,21,1,8
33,46,13,24,7,19,1,3
30,46,12,24,7,19,1,3
20,26,9,23,7,19,1,3
39,58,35,19,12,25,1,6
41,56,35,10,18,27,1,6
45,58,19,13,13,25,1,3
28,37,12,11,9,18,1,3
32,54,51,15,6,13,1,6
34,51,62,15,8,23,2,6
40,57,62,15,6,25,2,6
33,55,35,14,7,25,1,6
24,34,29,11,10,21,1,3
29,50,34,12,10,20,1,3
25,39,30,10,11,22,1,3
32,52,23,19,7,31,1,3
31,51,28,17,7,29,1,3
38,59,26,16,11,33,1,3
52,73,25,22,10,38,3,8
39,55,24,19,8,24,1,3
42,59,32,16,7,28,1,6
35,50,26,10,7,19,1,3
31,36,23,9,6,17,1,3
25,32,19,10,8,25,1,3
25,30,18,9,17,21,1,3
37,51,21,12,16,31,1,3
48,60,25,13,12,13,1,3
29,38,23,11,12,12,1,3
51,60,26,13,12,16,1,3
37,48,24,10,11,14,1,3
29,51,22,11,10,16,1,3
56,71,25,18,11,36,3,8
32,37,24,12,11,17,1,3
29,36,24,11,10,19,1,3
22,23,21,11,12,17,1,3
47,56,23,16,14,15,1,3
39,55,22,11,19,8,1,3
44,55,24,11,14,10,1,3
26,33,22,11,12,12,1,3
28,32,23,11,10,15,1,3
30,43,24,13,11,26,1,3
36,48,25,10,10,17,1,3
32,47,25,9,11,12,1,3
24,35,21,10,12,13,1,3
33,39,24,10,11,17,1,3
26,37,26,10,12,12,1,3
39,53,21,17,9,23,1,3
36,52,24,14,9,22,1,3
35,46,21,8,13,11,1,3
52,68,26,14,11,20,1,0
47,57,24,15,11,35,1,3
47,57,24,12,10,19,1,3
29,49,22,7,9,14,1,3
33,36,22,7,9,13,1,3
27,30,21,8,12,12,1,3
49,26,20,6,20,11,1,3
51,41,20,8,16,10,1,3
49,73,35,8,10,27,2,0
28,60,35,6,11,22,1,6
38,69,35,8,13,35,2,6
34,62,13,5,10,23,1,3
41,68,13,7,9,35,3,3
51,79,16,13,13,46,3,8
51,71,13,8,10,38,3,8
31,54,13,5,12,19,1,3
20,51,14,8,13,26,1,3
53,77,19,15,16,43,3,8
29,63,11,8,23,9,1,3
37,64,9,8,13,11,1,3
36,59,8,8,10,18,1,3
28,52,14,6,10,10,1,3
35,56,11,9,10,33,1,3
34,60,11,6,10,19,1,3
33,59,14,7,11,16,1,3
21,40,12,7,11,9,1,3
19,40,12,6,11,17,1,3
23,41,13,7,12,12,1,3
40,58,13,14,11,56,3,8
33,51,14,13,8,48,3,8
57,90,23,20,13,81,3,7
51,75,22,14,11,59,3,8
31,57,20,11,9,51,3,8
42,63,23,14,8,63,3,8
26,54,20,6,9,18,1,3
23,46,23,5,9,25,1,3
25,40,24,10,9,27,1,3
23,38,22,8,17,25,1,3
32,55,23,10,18,16,1,3
46,30,23,9,19,9,1,3
31,23,23,8,20,11,1,3
55,51,23,12,19,13,1,3
45,27,24,7,17,11,1,3
35,28,23,9,12,8,1,3
55,43,22,18,21,11,1,3
37,25,10,12,14,8,1,3
27,21,10,8,15,9,1,3
26,16,10,10,14,13,1,3
50,33,12,19,22,17,1,3
45,23,12,10,30,17,1,3
48,21,11,11,19,11,1,3
30,22,11,10,12,12,1,3
26,14,13,8,14,11,1,3
32,23,12,10,14,9,1,3
34,23,13,8,16,10,1,3
33,20,14,8,15,11,1,3
22,14,11,8,15,9,1,3
27,16,12,8,17,9,1,3
27,16,12,10,18,9,1,3
39,22,12,14,15,11,1,3
31,14,12,16,11,10,1,3
52,35,15,18,18,14,1,3
54,30,12,13,17,12,1,3
46,33,14,15,15,11,1,3
49,27,13,17,12,9,1,3
26,20,12,7,14,8,1,3
27,18,13,6,12,7,1,3
27,12,11,10,13,10,1,3
50,52,12,9,22,10,1,3
33,14,12,9,26,13,1,3
49,48,12,6,26,7,1,3
49,26,13,4,28,4,1,3
49,46,22,8,26,8,1,3
49,33,25,4,28,8,1,3
49,26,4,4,16,25,1,3
49,46,15,8,17,25,1,3
9,43,21,4,20,4,1,3
10,35,12,4,22,5,1,3
14,29,3,6,31,7,1,3
20,74,12,13,29,15,1,3
19,60,10,6,36,10,1,3
14,56,14,5,25,9,1,3
10,35,8,5,21,5,1,3
12,33,17,5,24,6,1,3
41,51,19,10,14,27,1,3
41,47,18,9,15,20,1,3
38,45,19,9,16,24,1,3
54,73,26,17,11,40,3,8
40,47,27,13,10,26,1,3
41,53,37,14,11,31,1,6
35,50,30,13,11,29,1,3
33,48,31,12,10,34,1,6
38,52,33,12,11,25,1,6
31,38,29,11,13,26,1,3
36,51,29,13,12,35,1,6
54,74,37,16,16,43,3,4
56,74,35,18,9,39,3,8
44,68,35,13,9,30,2,6
34,54,33,12,7,19,1,3
42,67,36,18,10,26,1,0
44,71,33,16,6,25,1,0
48,71,35,15,24,25,2,0
53,73,32,28,6,26,3,0
42,50,31,11,10,22,1,3
51,72,40,20,9,30,2,0
50,63,33,22,9,31,3,0
56,70,48,21,8,30,2,6
42,55,28,15,14,28,1,3
47,66,38,19,5,31,2,6
45,57,30,17,7,30,1,6
54,85,36,26,12,50,3,8
44,57,33,13,10,23,1,6
51,33,20,6,17,7,1,3
38,35,20,5,19,9,1,3
39,37,20,5,21,10,1,3
52,61,21,7,16,10,1,3
42,42,23,7,11,14,1,3
40,51,21,4,14,11,1,3
35,44,21,6,15,15,1,3
42,50,21,6,14,9,1,3
34,33,22,4,15,9,1,3
36,35,21,3,15,10,1,3
34,37,22,4,15,11,1,3
53,71,30,5,19,7,1,0
65,79,31,4,20,13,0,0
56,70,31,2,17,11,1,0
37,51,29,15,9,17,1,3
49,67,31,29,8,29,3,8
55,38,18,10,24,15,1,3
36,49,29,14,10,15,1,3
25,29,28,15,12,12,1,3
32,52,29,15,13,9,1,3
37,53,29,13,16,8,1,3
37,50,28,13,17,8,1,3
39,53,28,14,18,9,1,3
46,56,28,21,13,15,1,3
39,47,28,15,15,9,1,3
35,39,28,16,11,13,1,3
51,61,28,20,13,16,1,0
54,60,28,16,15,12,1,0
37,49,28,16,12,13,1,3
20,21,28,12,12,12,1,3
26,30,28,13,12,13,1,3
22,25,28,12,12,12,1,3
26,58,58,11,20,24,2,6
57,94,59,18,26,26,2,2
24,53,59,10,24,14,2,6
19,46,35,15,24,25,1,3
39,65,60,13,22,37,2,6
59,99,60,19,23,59,2,4
29,52,58,7,16,10,2,6
42,72,60,9,17,25,2,6
35,58,35,15,24,25,1,6
42,67,35,15,24,25,1,0
59,87,35,15,24,25,0,0
40,64,59,16,22,46,2,4
50,86,63,12,22,35,2,4
40,63,58,11,12,32,2,6
42,65,59,6,8,20,2,6
32,53,58,8,8,25,2,6
39,70,57,11,7,37,2,6
20,40,55,7,13,21,1,6
23,39,17,6,17,15,1,3
35,56,26,7,15,35,1,3
42,66,21,11,15,38,3,8
56,87,19,11,13,27,3,0
52,73,20,12,11,36,3,8
43,65,21,12,15,24,1,0
39,62,19,18,10,56,3,8
56,84,21,16,15,34,3,8
33,53,19,13,8,29,1,3
17,26,18,4,10,9,1,3
24,30,7,12,11,14,1,3
48,25,16,11,32,18,1,3
54,71,16,14,32,20,0,0
37,32,15,10,30,16,1,3
26,25,15,8,19,19,1,3
26,41,29,13,11,15,1,3
49,63,32,17,15,8,1,0
49,56,32,19,12,15,1,3
49,63,32,19,10,15,1,0
49,43,30,15,19,8,1,3
31,51,40,16,17,21,1,6
54,61,35,19,9,18,1,0
64,83,31,22,11,24,3,0
41,59,28,20,11,10,1,3
33,57,25,9,19,14,1,3
41,68,24,13,17,21,1,0
41,64,27,13,17,21,1,0
54,84,35,15,16,45,3,7
31,44,33,5,14,9,1,3
25,50,36,6,15,7,1,3
31,58,37,12,18,40,2,6
35,56,41,10,16,18,1,6
45,60,44,12,15,25,2,6
49,69,44,13,16,27,2,6
46,66,44,12,19,21,2,6
57,85,48,14,19,28,2,2
53,78,50,12,14,39,2,4
47,71,51,9,12,42,2,4
35,60,49,7,10,25,2,6
61,92,35,15,24,25,0,0
53,75,52,13,7,52,2,4
45,68,35,15,24,25,1,0
59,82,35,15,24,25,0,0
32,56,50,9,11,28,2,6
45,64,55,9,14,20,2,6
40,70,54,8,9,20,2,6
46,67,59,12,12,42,2,4
45,70,52,18,19,40,2,4
41,67,53,14,11,47,2,4
46,65,57,11,11,51,2,4
63,94,57,20,16,45,2,4
34,61,61,11,25,20,2,6
39,15,12,9,24,13,1,3
41,14,12,10,23,12,1,3
52,21,13,13,24,14,1,3
52,30,14,16,22,20,1,3
35,14,13,9,16,14,1,3
31,16,13,8,19,14,1,3
40,19,13,12,21,20,1,3
44,23,13,11,20,19,1,3
49,19,14,15,19,17,1,3
34,18,35,15,24,25,1,3
42,22,13,12,23,19,1,3
58,32,14,17,21,23,1,3
72,52,15,14,19,15,1,3
56,39,16,11,19,23,1,3
43,23,14,9,12,8,1,3
54,35,15,18,15,21,1,3
77,60,14,24,14,12,1,0
33,35,15,11,20,14,1,3
46,39,17,10,23,18,1,3
37,33,16,10,18,12,1,3
42,36,17,15,17,15,1,3
36,43,15,15,32,22,1,3
44,50,15,18,8,10,1,3
49,30,15,14,17,21,1,3
82,55,15,23,24,23,3,8
49,36,16,14,28,20,1,3
12,50,15,5,31,12,1,3
13,41,13,5,44,8,1,3
11,50,13,5,46,10,1,3
19,83,22,10,33,13,0,0
19,40,24,5,27,10,1,3
15,51,22,6,28,10,1,3
11,36,14,7,34,9,1,3
24,41,17,7,29,13,1,3
12,41,19,6,30,10,1,3
51,50,15,7,33,10,1,3
52,47,15,7,38,9,1,3
18,78,26,9,34,13,1,0
19,77,25,10,28,10,1,0
11,59,23,5,14,5,1,3
10,53,21,4,17,5,1,3
17,64,27,7,21,7,1,3
14,59,24,11,24,5,1,3
14,69,30,15,21,7,1,3
24,92,24,18,23,6,0,0
16,51,31,8,20,6,1,3
14,71,35,15,24,25,1,6
17,59,48,7,15,5,1,6
35,78,42,13,16,5,1,0
14,66,18,11,35,5,1,3
18,75,28,13,25,4,1,0
16,60,29,10,24,6,1,3
29,111,24,21,34,8,0,5
20,71,24,9,31,6,1,3
59,55,16,16,32,16,1,3
32,25,15,7,22,12,1,3
52,54,18,11,28,18,1,3
53,44,16,15,21,18,1,3
48,40,35,15,24,25,1,3
49,68,35,15,24,25,2,0
46,50,20,9,29,19,1,3
54,55,21,11,25,22,1,3
52,43,17,9,18,12,1,3
29,31,16,6,11,6,1,3
28,26,16,8,10,7,1,3
26,20,16,8,19,15,1,3
24,24,16,8,22,16,1,3
38,36,21,9,25,18,1,3
36,31,17,11,23,18,1,3
47,51,18,13,27,21,1,3
42,37,18,12,17,16,1,3
41,36,17,12,20,16,1,3
37,33,16,18,14,12,1,3
53,44,17,19,20,16,1,3
71,54,17,20,18,15,1,0
45,33,17,13,14,15,1,3
18,19,16,6,13,8,1,3
26,28,16,9,12,8,1,3
23,24,17,7,14,5,1,3
10,59,17,9,28,6,1,3
25,92,21,11,39,5,0,5
12,54,16,7,42,4,1,3
49,52,21,6,38,6,1,3
18,63,25,10,36,6,1,3
30,90,25,11,39,4,0,5
15,28,17,2,24,2,1,3
12,61,19,4,29,2,1,3
27,75,20,12,30,4,1,0
10,77,16,15,29,4,1,3
9,100,23,19,27,5,0,0
5,54,47,3,28,4,1,6
8,73,53,4,35,4,1,6
49,58,22,4,23,2,1,3
21,25,17,2,19,1,1,3
27,47,16,4,13,1,1,3
20,63,30,8,16,2,1,3
16,21,16,4,28,11,1,3
27,38,19,6,24,11,1,3
27,55,37,5,34,11,1,3
23,58,19,6,27,12,1,3
22,72,28,8,38,12,1,3
39,64,27,12,38,10,1,3
24,60,25,7,34,11,1,3
33,59,24,7,29,11,1,3
25,77,19,10,44,11,0,5
23,73,21,12,39,10,1,5
16,52,17,7,32,11,1,3
10,20,19,3,24,10,1,3
12,52,26,5,21,12,1,3
13,37,35,3,23,13,1,3
24,35,32,8,8,12,1,3
22,40,31,9,9,14,1,3
24,54,30,14,10,17,1,3
29,71,27,9,18,21,1,0
46,69,32,15,14,26,1,0
50,71,27,20,14,25,3,0
34,59,31,14,17,29,1,6
49,71,34,14,13,39,3,7
48,71,28,13,10,37,3,0
55,83,31,19,10,35,3,0
54,82,31,21,19,49,3,8
57,79,32,18,11,42,3,7
45,72,29,18,16,33,3,0
29,34,30,7,8,14,1,3
39,60,39,14,8,28,1,6
53,80,40,20,17,41,3,4
52,73,31,17,11,37,3,8
58,79,32,16,9,35,3,0
43,65,31,14,11,28,1,0
42,64,38,12,19,26,2,6
42,62,37,11,10,25,1,6
42,70,37,16,14,32,2,6
53,70,35,23,8,34,3,8
25,43,33,9,12,17,1,3
34,60,32,16,14,31,1,6
47,72,31,16,16,39,3,8
52,77,30,14,15,37,3,7
45,69,32,14,13,35,3,0
51,78,32,16,14,40,3,7
54,83,35,15,15,40,3,7
20,24,29,13,10,13,1,3
25,28,28,16,11,12,1,3
27,44,29,16,13,17,1,3
30,45,28,13,19,9,1,3
49,65,31,17,16,9,1,0
47,63,29,21,16,16,1,0
42,57,29,21,17,12,1,3
50,62,31,15,19,9,1,0
56,77,31,15,18,8,0,0
61,84,31,16,19,12,0,0
59,85,32,23,21,10,0,0
36,59,29,16,11,33,1,6
51,69,28,14,18,28,3,0
35,55,27,14,15,30,1,3
29,53,28,13,16,31,1,3
43,61,32,15,10,37,3,6
54,81,32,20,16,42,3,8
25,34,28,8,14,15,1,3
44,72,31,15,18,27,3,0
47,70,29,15,17,34,3,0
43,64,27,17,11,34,3,8
56,71,35,15,24,25,0,0
39,62,42,15,13,37,2,6
49,71,37,15,12,38,2,6
43,59,31,12,10,23,1,3
27,47,29,10,9,14,1,3
26,44,28,10,9,13,1,3
37,57,33,13,6,20,1,3
18,40,27,11,13,22,1,3
30,54,31,12,13,31,1,6
59,60,36,12,16,31,2,6
36,57,29,11,15,25,1,3
45,66,30,13,15,29,1,0
50,63,29,20,10,26,1,0
38,60,29,13,13,23,1,3
36,71,28,15,8,22,1,0
42,64,27,17,10,28,1,0
50,71,26,18,7,26,3,0
32,47,27,10,8,19,1,3
17,33,26,6,11,11,1,3
22,37,28,8,11,11,1,3
24,40,30,7,11,8,1,3
49,73,35,15,24,25,0,0
51,68,30,16,25,7,1,0
43,56,29,17,16,10,1,3
32,51,30,15,18,7,1,3
52,63,37,16,17,15,1,0
60,83,31,20,20,15,0,0
31,34,28,13,15,12,1,3
51,67,31,17,22,8,1,0
59,75,34,23,15,11,0,0
51,69,31,22,15,15,1,0
37,56,31,14,13,10,1,3
48,58,31,14,13,11,1,3
51,62,30,16,12,13,1,0
26,37,28,14,11,14,1,3
31,47,35,15,24,25,1,3
75,124,21,16,32,23,0,7
67,93,21,14,35,20,0,0
74,118,24,14,34,20,0,7
76,114,24,12,30,20,0,7
64,86,21,12,25,21,0,0
64,95,24,11,23,18,0,0
74,105,22,11,26,15,0,0
67,99,23,10,22,19,0,0
62,87,24,13,15,11,0,0
68,101,22,13,21,15,0,0
50,71,22,9,24,13,1,0
40,56,20,11,16,23,1,3
56,74,23,21,11,19,3,0
80,113,24,17,19,21,0,0
46,68,22,9,25,18,1,0
71,104,23,21,22,21,0,0
62,82,23,8,26,16,0,0
72,101,24,13,20,17,0,0
79,115,23,23,30,16,0,0
81,117,24,17,28,25,0,7
71,99,23,13,28,17,0,0
84,118,26,14,29,24,0,7
57,83,21,22,11,29,3,8
97,114,22,27,15,36,3,7
23,103,24,11,31,50,3,7
35,120,27,13,38,56,3,7
30,128,25,11,40,55,3,7
38,141,22,16,39,65,3,7
38,116,25,14,38,65,3,7
30,97,23,12,39,46,3,7
36,125,22,17,45,40,3,7
31,108,26,14,41,60,3,7
30,99,25,11,38,49,3,7
23,90,26,9,44,54,3,7
27,84,23,13,39,62,3,7
26,87,25,11,30,55,3,7
33,104,28,9,32,28,0,7
32,109,26,10,27,35,3,7
29,88,26,14,18,34,3,7
19,80,30,8,33,28,1,0
15,64,23,7,30,30,1,3
15,55,20,9,27,32,1,3
20,90,23,24,16,49,3,8
44,127,27,24,18,51,3,7
24,65,22,7,34,31,1,3
38,71,24,22,25,45,3,8
20,81,24,7,30,22,1,0
36,114,29,11,27,35,3,7
39,133,26,16,28,43,3,7
35,59,29,17,3,35,1,6
29,52,30,15,11,29,1,3
52,74,29,24,7,34,3,8
52,72,27,22,2,37,3,8
24,53,29,11,11,22,1,3
47,83,35,19,19,37,3,7
65,100,31,15,28,46,3,7
48,71,27,12,12,34,3,0
51,90,28,16,19,37,3,7
60,88,35,16,25,5,0,0
60,87,34,16,24,5,0,0
62,89,38,17,21,8,0,0
61,82,34,20,17,6,0,0
66,97,38,22,16,12,0,0
55,87,33,20,18,25,0,0
64,91,34,27,18,20,0,0
71,105,35,26,17,15,0,0
57,83,33,19,22,9,0,0
67,103,36,19,22,9,0,0
69,93,36,24,24,9,0,0
44,63,34,18,14,15,1,0
44,64,34,17,18,13,1,0
57,79,35,19,22,12,0,0
60,81,36,22,23,13,0,0
58,81,36,20,22,8,0,0
66,92,40,21,21,24,0,0
63,85,36,29,19,31,3,8
69,97,44,19,22,18,0,2
70,92,41,23,17,31,3,2
66,88,40,17,17,9,0,0
60,78,34,19,14,18,0,0
48,62,35,17,13,14,1,0
39,56,34,21,14,25,1,6
56,79,34,23,13,23,3,0
54,67,33,23,11,23,3,0
37,54,32,16,13,15,1,3
60,87,37,21,20,24,0,0
75,101,39,17,25,8,0,0
56,77,35,16,20,11,0,0
72,101,36,19,22,7,0,0
53,84,27,12,30,21,0,0
53,83,27,12,29,24,0,0
51,77,30,11,27,22,0,0
42,60,25,16,20,39,3,8
64,97,28,20,20,50,3,7
51,81,27,11,28,18,0,0
48,77,26,19,24,44,3,8
60,94,28,19,20,42,3,7
45,66,25,12,18,26,1,0
42,75,30,10,26,21,1,0
61,84,26,23,15,73,3,8
41,64,28,10,12,33,1,6
48,71,27,9,12,34,3,0
43,65,29,13,22,32,3,0
45,66,28,12,27,27,1,0
49,72,28,15,21,32,3,0
52,71,30,14,16,53,3,4
44,62,30,16,13,67,3,4
40,64,34,11,19,34,2,6
57,80,37,15,16,64,3,4
67,101,34,18,15,51,3,7
70,96,32,20,16,59,3,7
43,59,30,10,15,50,3,4
28,42,28,10,11,43,1,6
52,71,34,17,11,66,3,4
87,109,30,22,12,50,3,7
56,67,30,10,10,29,1,0
61,88,33,15,15,68,3,4
58,87,39,13,31,50,3,7
42,65,32,12,27,34,3,6
55,84,33,14,22,48,3,7
63,103,21,11,34,16,0,0
62,102,21,12,38,21,0,0
61,92,22,10,34,16,0,0
56,80,19,11,27,17,0,0
69,112,21,20,25,17,0,0
61,101,20,15,31,19,0,0
66,96,19,16,27,18,0,0
83,117,20,23,26,17,0,0
57,86,19,14,26,21,0,0
66,107,20,12,33,20,0,0
70,95,19,19,28,19,0,0
52,78,19,13,23,11,0,0
50,73,20,11,19,13,1,0
57,84,19,13,29,22,0,0
60,88,21,18,33,23,0,0
61,82,19,13,32,21,0,0
61,75,20,13,27,24,0,0
49,85,20,18,25,12,0,0
49,78,20,10,29,14,0,0
70,107,22,16,23,18,0,0
69,104,22,15,22,20,0,0
73,101,19,21,23,24,0,0
49,64,20,13,21,17,1,0
66,102,22,17,18,15,0,0
76,95,19,24,14,24,3,0
42,60,19,11,14,14,1,3
58,96,22,15,26,11,0,0
80,128,23,13,38,23,0,7
70,105,21,13,29,17,0,0
27,101,21,9,40,5,0,5
22,95,20,9,43,5,0,5
27,95,24,11,40,5,0,5
26,80,20,14,31,5,0,0
42,116,23,19,29,5,0,0
41,95,21,13,33,5,0,0
39,99,21,15,32,5,0,0
51,142,20,26,35,4,0,5
26,97,19,10,32,30,3,7
37,71,19,21,38,45,3,8
19,71,19,11,28,27,1,3
19,71,21,5,22,23,1,3
49,85,21,12,47,52,3,7
26,96,21,12,39,52,3,7
25,100,21,13,49,56,3,7
21,85,27,11,28,50,3,7
28,92,21,22,34,54,3,7
17,79,26,9,39,48,3,7
28,105,29,18,29,62,3,7
24,103,26,11,30,57,3,7
36,89,21,13,35,55,3,7
17,65,21,9,33,52,3,7
15,69,21,9,28,32,1,3
24,90,21,15,28,56,3,7
38,119,20,18,28,44,3,7
16,59,20,5,22,25,1,3
24,100,26,12,29,34,3,7
26,105,26,10,57,53,3,7
54,76,21,9,37,54,3,7
35,113,22,13,42,47,3,7
32,123,26,17,27,51,3,7
31,108,27,10,38,30,0,7
47,137,26,12,40,35,0,7
48,95,24,17,15,51,3,7
29,125,25,19,28,48,3,7
32,60,27,11,9,25,1,3
38,76,30,16,11,35,3,0
51,81,27,21,9,42,3,8
48,75,29,19,12,41,3,8
62,87,31,19,14,43,3,7
41,69,28,13,22,30,3,0
35,62,29,14,10,31,1,6
31,58,27,14,11,35,1,6
49,83,27,18,13,38,3,8
49,79,29,17,14,41,3,7
55,96,37,14,19,43,3,7
65,115,37,14,29,37,0,7
69,102,35,12,23,30,0,7
50,79,29,14,16,30,3,0
63,98,29,21,14,41,3,7
64,109,32,25,20,53,3,7
54,86,29,18,17,42,3,7
56,94,29,16,21,37,3,7
54,97,31,15,20,39,3,7
61,104,34,14,25,37,3,7
57,96,33,13,27,35,3,7
59,97,38,13,22,36,3,7
60,102,37,13,22,39,3,7
62,111,37,16,23,42,3,7
64,109,38,14,20,39,3,7
63,108,35,13,19,37,3,7
64,112,31,12,25,29,0,7
56,90,30,15,18,39,3,7
53,91,30,23,14,46,3,7
46,81,30,16,16,33,3,0
46,76,31,14,14,31,3,0
37,51,36,13,17,13,1,3
54,74,44,19,17,13,0,0
55,75,36,20,17,9,0,0
57,78,42,20,18,19,0,0
59,83,38,20,21,12,0,0
49,61,39,14,25,10,1,0
44,71,39,20,16,25,2,0
43,60,37,15,18,10,1,3
54,74,35,19,19,9,0,0
63,86,39,19,23,8,0,0
64,92,43,15,26,7,0,2
79,116,45,18,29,8,0,2
74,104,46,17,26,8,0,2
55,76,39,18,28,11,0,0
70,96,37,23,21,11,0,0
81,121,46,22,28,9,0,2
60,81,36,21,27,16,0,0
71,100,39,18,27,16,0,2
61,89,38,18,27,12,0,0
71,101,40,18,30,12,0,2
66,94,37,16,28,13,0,0
69,97,41,15,24,12,0,2
74,108,45,17,26,9,0,2
79,117,47,18,26,9,0,2
76,111,46,16,26,9,0,2
49,101,45,15,26,11,0,2
49,107,41,15,29,12,0,2
49,92,38,18,25,9,0,0
49,94,38,26,18,22,0,0
49,67,38,13,22,14,1,0
49,73,41,14,22,16,0,0
24,52,40,8,17,29,1,6
43,61,40,16,16,58,3,4
41,60,40,12,21,52,2,4
29,56,39,11,24,45,2,6
40,72,42,12,23,53,2,4
27,55,41,9,26,34,2,6
28,54,43,12,19,63,2,4
28,49,42,10,18,59,2,4
38,60,42,11,20,47,2,4
35,61,45,11,25,47,2,4
46,71,49,11,32,47,2,4
77,105,50,16,31,60,3,4
62,86,51,11,28,41,2,4
47,69,47,12,21,52,2,4
58,77,45,14,21,52,2,4
52,71,47,20,21,86,3,4
35,59,45,13,25,57,2,4
52,77,50,14,27,56,2,4
42,67,49,10,27,44,2,4
43,69,50,9,29,51,2,4
36,67,54,9,30,44,2,4
52,77,51,10,26,48,2,4
56,80,51,11,28,49,2,4
60,82,51,13,25,52,2,4
51,76,51,11,26,46,2,4
56,76,52,11,28,44,2,4
64,84,52,12,29,44,2,4
51,65,49,12,25,43,2,4
40,59,50,11,20,45,2,4
23,57,50,8,26,31,2,6
32,59,51,7,23,35,2,6
44,57,22,7,19,11,1,3
54,80,23,16,20,20,0,0
57,76,23,12,19,26,3,0
58,78,24,12,28,22,0,0
60,83,24,13,25,20,0,0
52,69,23,9,32,17,1,0
49,58,22,14,21,14,1,3
41,62,24,9,21,22,1,3
61,81,23,14,21,17,0,0
58,86,25,11,28,25,0,0
70,110,28,12,32,29,0,7
91,140,28,18,32,26,0,7
81,113,26,12,28,20,0,0
57,81,25,10,24,16,0,0
71,104,24,17,23,27,0,7
50,88,33,16,19,33,3,7
64,101,34,15,19,37,3,7
56,83,29,16,14,45,3,7
71,117,30,24,14,55,3,7
73,117,29,23,19,51,3,7
61,86,29,15,19,33,3,7
60,117,28,21,24,40,3,7
66,98,30,16,29,28,0,7
60,87,31,13,21,37,3,7
60,94,27,17,14,40,3,7
54,84,26,21,12,48,3,8
51,93,29,15,13,34,3,7
59,94,31,14,18,35,3,7
55,92,32,14,12,36,3,7
51,70,33,13,9,25,1,0
55,79,30,12,12,28,3,0
51,67,30,15,11,35,3,0
23,53,26,17,9,35,1,3
37,60,30,22,6,37,3,8
61,88,43,18,10,43,3,4
36,65,29,14,15,38,3,6
69,106,32,35,14,50,3,8
53,82,28,12,14,26,3,0
57,101,31,14,11,34,3,7
64,118,33,23,17,45,3,7
64,114,35,21,17,52,3,7
57,96,28,16,24,36,3,7
66,115,26,15,21,34,3,7
55,80,27,22,8,44,3,8
65,97,26,20,24,40,3,7
68,88,37,19,18,11,0,0
78,105,38,20,19,14,0,0
57,78,35,15,20,12,0,0
77,109,36,22,22,10,0,0
86,129,37,25,23,13,0,2
66,87,37,16,23,8,0,0
84,129,37,24,23,10,0,2
68,99,36,19,27,9,0,0
70,97,39,18,22,10,0,0
65,87,38,15,19,9,0,0
64,86,37,19,19,13,0,0
66,93,39,16,18,13,0,0
79,115,41,17,19,9,0,2
69,106,37,17,18,8,0,0
60,72,43,18,12,21,2,0
60,86,37,15,20,12,0,0
51,73,41,16,19,14,0,0
35,57,34,17,16,7,1,3
52,70,36,26,10,31,3,8
71,95,49,21,13,20,0,2
43,64,36,15,20,7,1,0
71,104,40,27,18,16,0,0
53,74,34,12,24,12,0,0
72,103,41,16,20,9,0,2
76,113,38,23,28,13,0,2
87,120,47,24,20,16,0,2
68,91,37,16,25,8,0,0
72,107,37,18,28,7,0,0
58,78,35,25,12,25,3,0
68,99,39,23,15,10,0,0
49,80,33,10,22,23,0,0
68,98,38,14,22,40,3,7
56,89,36,14,26,50,3,7
93,133,33,26,21,59,3,7
56,90,34,13,26,36,3,7
60,98,35,15,27,38,3,7
64,105,35,17,24,39,3,7
55,82,35,14,24,39,3,7
59,99,39,15,27,49,3,7
58,95,41,12,25,40,2,7
49,74,37,14,23,43,3,4
55,84,40,12,21,47,3,4
53,85,40,11,22,35,2,7
48,82,39,9,23,26,2,0
54,78,38,13,12,53,3,4
58,84,38,16,17,53,3,4
26,59,37,9,22,29,1,6
24,51,34,10,14,40,1,6
51,72,41,26,10,103,3,4
69,96,44,22,18,83,3,4
32,61,38,10,22,34,2,6
59,88,41,20,20,60,3,4
51,74,41,8,22,26,2,6
63,90,43,14,17,53,3,4
65,97,40,18,21,61,3,4
52,72,40,17,20,65,3,4
59,91,42,13,23,42,2,7
69,103,43,16,25,44,3,7
53,68,38,19,12,57,3,4
79,89,41,24,15,59,3,4
64,105,21,14,28,16,0,0
85,127,23,14,28,18,0,7
68,101,22,11,27,23,0,0
83,124,21,20,24,22,0,7
88,139,23,19,25,32,0,7
68,96,21,14,27,29,3,7
86,122,27,23,33,29,0,7
62,76,24,14,25,25,0,0
72,100,25,14,27,28,0,7
65,91,26,12,25,28,0,0
68,102,27,12,33,21,0,0
70,104,28,12,29,24,0,7
70,102,28,11,29,19,0,0
76,110,27,12,29,22,0,7
82,118,27,15,27,24,0,7
80,119,28,13,28,20,0,7
74,104,28,10,26,17,0,0
86,117,29,12,26,17,0,0
68,96,35,15,24,25,0,0
66,71,26,16,23,28,3,0
55,77,27,10,29,16,0,0
54,78,27,8,22,15,0,0
12,49,21,6,29,23,1,3
24,79,23,14,26,43,3,7
29,87,23,16,30,55,3,7
21,78,23,11,26,42,3,7
27,105,24,15,30,46,3,7
18,61,22,7,38,23,1,3
35,69,23,12,21,37,3,8
23,61,22,9,31,41,3,3
21,86,23,9,30,33,3,7
28,84,23,12,25,38,3,7
52,87,30,9,33,36,3,7
70,132,27,16,33,51,3,7
62,104,28,9,32,31,0,7
50,77,26,9,37,36,3,7
64,115,25,12,30,42,3,7
59,108,26,18,42,49,3,7
58,94,25,10,31,37,3,7
53,82,25,9,32,31,3,7
53,86,26,8,37,26,0,0
48,78,28,7,37,28,0,0
54,88,29,9,30,37,3,7
60,102,29,10,31,42,3,7
65,112,29,12,30,44,3,7
55,97,29,9,32,33,0,7
59,100,29,8,32,32,0,7
60,109,31,9,38,30,0,7
54,83,24,10,35,30,0,7
59,87,25,15,26,48,3,7
46,73,25,9,27,33,3,0
47,71,25,8,22,31,3,0
